[17:03:16.976] === DLL_PROCESS_ATTACH in PID 64204 ===
[17:03:16.977] load_consumer_dll: looking for C:\Users\azt12\OneDrive\Documents\Computing\All Projects\Windows OS Work\Right-Click Menu API\WORKING\build\menu.dll
[17:03:16.999]   RegisterMenu resolved at 00007FF84E4E1000
[17:03:16.999] install_iat_hooks: orig TrackPopupMenu=00007FF8902A7AE0 orig TrackPopupMenuEx=00007FF8902B37A0
[17:03:16.999] install_iat_hooks: walking 244 modules
[17:03:16.999]     import descriptor: dll=USER32.dll INT_rva=0x255208 IAT_rva=0x1f6d38
[17:03:17.000]     import descriptor: dll=USER32.dll INT_rva=0x255208 IAT_rva=0x1f6d38
[17:03:17.000]     import descriptor: dll=USER32.dll INT_rva=0x104408 IAT_rva=0xc30e8
[17:03:17.001]     import descriptor: dll=USER32.dll INT_rva=0x104408 IAT_rva=0xc30e8
[17:03:17.001]     import descriptor: dll=USER32.dll INT_rva=0x6f25b0 IAT_rva=0x6088c0
[17:03:17.001]     slot=00007FF88F878CC0 orig=00007FF85D00B9F0 new=00007FF860C64210 readback=00007FF860C64210 (TrackPopupMenu)
[17:03:17.001]   patched C:\Windows\System32\SHELL32.dll : TrackPopupMenu
[17:03:17.002]     import descriptor: dll=USER32.dll INT_rva=0x6f25b0 IAT_rva=0x6088c0
[17:03:17.002]     slot=00007FF88F878B60 orig=00007FF8902B37A0 new=00007FF860C64DC0 readback=00007FF860C64DC0 (TrackPopupMenuEx)
[17:03:17.002]   patched C:\Windows\System32\SHELL32.dll : TrackPopupMenuEx
[17:03:17.002]     import descriptor: dll=USER32.dll INT_rva=0x8cd58 IAT_rva=0x6a920
[17:03:17.002]     slot=00007FF85D05A958 orig=00007FF8902A7AE0 new=00007FF860C64210 readback=00007FF860C64210 (TrackPopupMenu)
[17:03:17.003]   patched C:\Windows\dxgi.dll : TrackPopupMenu
[17:03:17.003]     import descriptor: dll=USER32.dll INT_rva=0x8cd58 IAT_rva=0x6a920
[17:03:17.003]     slot=00007FF85D05A9D8 orig=00007FF8902B37A0 new=00007FF860C64DC0 readback=00007FF860C64DC0 (TrackPopupMenuEx)
[17:03:17.004]   patched C:\Windows\dxgi.dll : TrackPopupMenuEx
[17:03:17.004]     import descriptor: dll=USER32.dll INT_rva=0x98840 IAT_rva=0x70520
[17:03:17.005]     import descriptor: dll=USER32.dll INT_rva=0x98840 IAT_rva=0x70520
[17:03:17.005]     import descriptor: dll=USER32.dll INT_rva=0x105938 IAT_rva=0xe1738
[17:03:17.005]     import descriptor: dll=USER32.dll INT_rva=0x105938 IAT_rva=0xe1738
[17:03:17.005]     import descriptor: dll=USER32.dll INT_rva=0x1f060 IAT_rva=0x1a4b8
[17:03:17.005]     import descriptor: dll=USER32.dll INT_rva=0x1f060 IAT_rva=0x1a4b8
[17:03:17.005]     import descriptor: dll=USER32.dll INT_rva=0x1af298 IAT_rva=0x17f210
[17:03:17.006]     import descriptor: dll=USER32.dll INT_rva=0x1af298 IAT_rva=0x17f210
[17:03:17.006]     import descriptor: dll=USER32.dll INT_rva=0x2256f8 IAT_rva=0x204468
[17:03:17.007]     slot=00007FF870F849E0 orig=00007FF8902A7AE0 new=00007FF860C64210 readback=00007FF860C64210 (TrackPopupMenu)
[17:03:17.007]   patched C:\Windows\WinSxS\amd64_microsoft.windows.common-controls_6595b64144ccf1df_6.0.26100.8115_none_3e075c82e3354f9c\COMCTL32.dll : TrackPopupMenu
[17:03:17.007]     import descriptor: dll=USER32.dll INT_rva=0x2256f8 IAT_rva=0x204468
[17:03:17.007]     slot=00007FF870F844D8 orig=00007FF8902B37A0 new=00007FF860C64DC0 readback=00007FF860C64DC0 (TrackPopupMenuEx)
[17:03:17.007]   patched C:\Windows\WinSxS\amd64_microsoft.windows.common-controls_6595b64144ccf1df_6.0.26100.8115_none_3e075c82e3354f9c\COMCTL32.dll : TrackPopupMenuEx
[17:03:17.007]     import descriptor: dll=USER32.dll INT_rva=0x38958 IAT_rva=0x30318
[17:03:17.008]     import descriptor: dll=USER32.dll INT_rva=0x38958 IAT_rva=0x30318
[17:03:17.008]     import descriptor: dll=USER32.dll INT_rva=0x28d70 IAT_rva=0x29178
[17:03:17.008]     import descriptor: dll=USER32.dll INT_rva=0x28d70 IAT_rva=0x29178
[17:03:17.009]     import descriptor: dll=USER32.dll INT_rva=0x2378d0 IAT_rva=0x1bc360
[17:03:17.009]     import descriptor: dll=USER32.dll INT_rva=0x2378d0 IAT_rva=0x1bc360
[17:03:17.009]     slot=00007FF840D7C430 orig=00007FF8902B37A0 new=00007FF860C64DC0 readback=00007FF860C64DC0 (TrackPopupMenuEx)
[17:03:17.009]   patched C:\Windows\SYSTEM32\taskbar.dll : TrackPopupMenuEx
[17:03:17.009]     import descriptor: dll=USER32.dll INT_rva=0x2b0b90 IAT_rva=0x252960
[17:03:17.010]     slot=00007FF853B82EF8 orig=00007FF85D0014E0 new=00007FF860C64210 readback=00007FF860C64210 (TrackPopupMenu)
[17:03:17.010]   patched C:\Windows\SYSTEM32\ExplorerFrame.dll : TrackPopupMenu
[17:03:17.010]     import descriptor: dll=USER32.dll INT_rva=0x2b0b90 IAT_rva=0x252960
[17:03:17.010]     slot=00007FF853B82F30 orig=00007FF8902B37A0 new=00007FF860C64DC0 readback=00007FF860C64DC0 (TrackPopupMenuEx)
[17:03:17.010]   patched C:\Windows\SYSTEM32\ExplorerFrame.dll : TrackPopupMenuEx
[17:03:17.010]     import descriptor: dll=USER32.dll INT_rva=0x132b48 IAT_rva=0x102630
[17:03:17.011]     import descriptor: dll=USER32.dll INT_rva=0x132b48 IAT_rva=0x102630
[17:03:17.011]     import descriptor: dll=USER32.dll INT_rva=0x142280 IAT_rva=0x11c840
[17:03:17.011]     import descriptor: dll=USER32.dll INT_rva=0x142280 IAT_rva=0x11c840
[17:03:17.011]     import descriptor: dll=USER32.dll INT_rva=0xb2028 IAT_rva=0x99018
[17:03:17.011]     import descriptor: dll=USER32.dll INT_rva=0xb2028 IAT_rva=0x99018
[17:03:17.011]     import descriptor: dll=USER32.dll INT_rva=0x10fa98 IAT_rva=0xe97d8
[17:03:17.012]     import descriptor: dll=USER32.dll INT_rva=0x10fa98 IAT_rva=0xe97d8
[17:03:17.012]     import descriptor: dll=USER32.dll INT_rva=0x152e0 IAT_rva=0x11a10
[17:03:17.012]     import descriptor: dll=USER32.dll INT_rva=0x152e0 IAT_rva=0x11a10
[17:03:17.013]     import descriptor: dll=USER32.dll INT_rva=0x3590098 IAT_rva=0x14f9928
[17:03:17.013]     import descriptor: dll=USER32.dll INT_rva=0x3590098 IAT_rva=0x14f9928
[17:03:17.013]     import descriptor: dll=USER32.dll INT_rva=0x17dc68 IAT_rva=0x119160
[17:03:17.013]     import descriptor: dll=USER32.dll INT_rva=0x17dc68 IAT_rva=0x119160
[17:03:17.013]     import descriptor: dll=USER32.dll INT_rva=0x871c8 IAT_rva=0x79320
[17:03:17.013]     import descriptor: dll=USER32.dll INT_rva=0x871c8 IAT_rva=0x79320
[17:03:17.013]     import descriptor: dll=USER32.dll INT_rva=0x4db8 IAT_rva=0x41f0
[17:03:17.014]     import descriptor: dll=USER32.dll INT_rva=0x4db8 IAT_rva=0x41f0
[17:03:17.014]     import descriptor: dll=USER32.dll INT_rva=0xd1b0b8 IAT_rva=0x9e39a0
[17:03:17.014]     import descriptor: dll=USER32.dll INT_rva=0xd1b0b8 IAT_rva=0x9e39a0
[17:03:17.015]     slot=00007FF84A4B3B68 orig=00007FF8902B37A0 new=00007FF860C64DC0 readback=00007FF860C64DC0 (TrackPopupMenuEx)
[17:03:17.015]   patched C:\Windows\SystemApps\Microsoft.WindowsAppRuntime.CBS_8wekyb3d8bbwe\Microsoft.UI.Xaml.dll : TrackPopupMenuEx
[17:03:17.015]     import descriptor: dll=USER32.dll INT_rva=0x699a0 IAT_rva=0x53788
[17:03:17.015]     import descriptor: dll=USER32.dll INT_rva=0x699a0 IAT_rva=0x53788
[17:03:17.015]     import descriptor: dll=USER32.dll INT_rva=0x5e6820 IAT_rva=0x46a170
[17:03:17.016]     import descriptor: dll=USER32.dll INT_rva=0x5e6820 IAT_rva=0x46a170
[17:03:17.016]     import descriptor: dll=USER32.dll INT_rva=0x43ca0 IAT_rva=0x3a2b8
[17:03:17.016]     import descriptor: dll=USER32.dll INT_rva=0x43ca0 IAT_rva=0x3a2b8
[17:03:17.016]     import descriptor: dll=USER32.dll INT_rva=0x168588 IAT_rva=0x1443a0
[17:03:17.016]     import descriptor: dll=USER32.dll INT_rva=0x168588 IAT_rva=0x1443a0
[17:03:17.016]     import descriptor: dll=USER32.dll INT_rva=0x2643f8 IAT_rva=0x1b9c38
[17:03:17.017]     import descriptor: dll=USER32.dll INT_rva=0x2643f8 IAT_rva=0x1b9c38
[17:03:17.017]     import descriptor: dll=USER32.dll INT_rva=0x5e330 IAT_rva=0x4b4d8
[17:03:17.017]     import descriptor: dll=USER32.dll INT_rva=0x5e330 IAT_rva=0x4b4d8
[17:03:17.017]     import descriptor: dll=USER32.dll INT_rva=0x14ec58 IAT_rva=0xfdc88
[17:03:17.017]     import descriptor: dll=USER32.dll INT_rva=0x14ec58 IAT_rva=0xfdc88
[17:03:17.018]     import descriptor: dll=USER32.dll INT_rva=0x65840 IAT_rva=0x51260
[17:03:17.018]     import descriptor: dll=USER32.dll INT_rva=0x65840 IAT_rva=0x51260
[17:03:17.018]     import descriptor: dll=USER32.dll INT_rva=0x5648e0 IAT_rva=0x4977c8
[17:03:17.018]     import descriptor: dll=USER32.dll INT_rva=0x5648e0 IAT_rva=0x4977c8
[17:03:17.018]     import descriptor: dll=USER32.dll INT_rva=0x10be18 IAT_rva=0xccbd8
[17:03:17.019]     slot=00007FF83AE2CC40 orig=00007FF8902A7AE0 new=00007FF860C64210 readback=00007FF860C64210 (TrackPopupMenu)
[17:03:17.019]   patched C:\Program Files\Microsoft OneDrive\26.078.0426.0002\FileSyncShell64.dll : TrackPopupMenu
[17:03:17.019]     import descriptor: dll=USER32.dll INT_rva=0x10be18 IAT_rva=0xccbd8
[17:03:17.019]     import descriptor: dll=USER32.dll INT_rva=0x19be8 IAT_rva=0x15e60
[17:03:17.019]     import descriptor: dll=USER32.dll INT_rva=0x19be8 IAT_rva=0x15e60
[17:03:17.020]     import descriptor: dll=USER32.dll INT_rva=0x66370 IAT_rva=0x558b8
[17:03:17.020]     import descriptor: dll=USER32.dll INT_rva=0x66370 IAT_rva=0x558b8
[17:03:17.020]     import descriptor: dll=USER32.dll INT_rva=0x315c70 IAT_rva=0x2aa680
[17:03:17.020]     slot=00007FF81F39A8E0 orig=00007FF8902A7AE0 new=00007FF860C64210 readback=00007FF860C64210 (TrackPopupMenu)
[17:03:17.021]   patched C:\Windows\SystemApps\Microsoft.WindowsAppRuntime.CBS_8wekyb3d8bbwe\WinUIEdit.dll : TrackPopupMenu
[17:03:17.021]     import descriptor: dll=USER32.dll INT_rva=0x315c70 IAT_rva=0x2aa680
[17:03:17.021]     slot=00007FF81F39A8E8 orig=00007FF8902B37A0 new=00007FF860C64DC0 readback=00007FF860C64DC0 (TrackPopupMenuEx)
[17:03:17.022]   patched C:\Windows\SystemApps\Microsoft.WindowsAppRuntime.CBS_8wekyb3d8bbwe\WinUIEdit.dll : TrackPopupMenuEx
[17:03:17.022]     import descriptor: dll=USER32.dll INT_rva=0x29d68 IAT_rva=0x214d8
[17:03:17.022]     import descriptor: dll=USER32.dll INT_rva=0x29d68 IAT_rva=0x214d8
[17:03:17.022]     import descriptor: dll=USER32.dll INT_rva=0x7ca40 IAT_rva=0x66418
[17:03:17.022]     import descriptor: dll=USER32.dll INT_rva=0x7ca40 IAT_rva=0x66418
[17:03:17.023]     import descriptor: dll=USER32.dll INT_rva=0xf0a78 IAT_rva=0xa94e0
[17:03:17.023]     import descriptor: dll=USER32.dll INT_rva=0xf0a78 IAT_rva=0xa94e0
[17:03:17.023]     import descriptor: dll=USER32.dll INT_rva=0xb7130 IAT_rva=0x90580
[17:03:17.024]     import descriptor: dll=USER32.dll INT_rva=0xb7130 IAT_rva=0x90580
[17:03:17.024]     import descriptor: dll=USER32.dll INT_rva=0x208f0 IAT_rva=0x19be8
[17:03:17.024]     import descriptor: dll=USER32.dll INT_rva=0x208f0 IAT_rva=0x19be8
[17:03:17.024]     import descriptor: dll=USER32.dll INT_rva=0x4edd8 IAT_rva=0x3b3a0
[17:03:17.025]     import descriptor: dll=USER32.dll INT_rva=0x4edd8 IAT_rva=0x3b3a0
[17:03:17.025]     import descriptor: dll=USER32.dll INT_rva=0x44300 IAT_rva=0x32338
[17:03:17.025]     import descriptor: dll=USER32.dll INT_rva=0x44300 IAT_rva=0x32338
[17:03:17.026] install_iat_hooks: 13 IAT hooks installed
[17:03:17.026] inline_patch: patched 00007FF8902B37A0, saved=[ff 25 4a 8f ...] new detour=00007FF860C64DC0
[17:03:17.026] inline_patch: patched 00007FF8902A7AE0, saved=[48 83 ec 38 ...] new detour=00007FF860C64210
[17:03:17.026]     import descriptor: dll=KERNEL32.dll INT_rva=0x254f98 IAT_rva=0x1f6ac8
[17:03:17.027]     import descriptor: dll=KERNEL32.dll INT_rva=0xa3cc8 IAT_rva=0x81b68
[17:03:17.027]     slot=00007FF88EDE1BC0 orig=00007FF88EE5C610 new=00007FF860C65ED0 readback=00007FF860C65ED0 (LoadLibraryExW)
[17:03:17.027]     import descriptor: dll=KERNEL32.dll INT_rva=0x8c678 IAT_rva=0x6a240
[17:03:17.027]     slot=00007FF85D05A278 orig=00007FF88EE5C610 new=00007FF860C65ED0 readback=00007FF860C65ED0 (LoadLibraryExW)
[17:03:17.027]     import descriptor: dll=KERNEL32.dll INT_rva=0x105890 IAT_rva=0xe1690
[17:03:17.027]     import descriptor: dll=KERNEL32.dll INT_rva=0x2256b0 IAT_rva=0x204420
[17:03:17.028]     import descriptor: dll=KERNEL32.dll INT_rva=0x6190 IAT_rva=0x5150
[17:03:17.028]     import descriptor: dll=KERNEL32.dll INT_rva=0x38630 IAT_rva=0x2fff0
[17:03:17.028]     import descriptor: dll=KERNEL32.dll INT_rva=0xe4098 IAT_rva=0x53078
[17:03:17.028]     slot=00007FF8327C3178 orig=00007FF88EE5C610 new=00007FF860C65ED0 readback=00007FF860C65ED0 (LoadLibraryExW)
[17:03:17.028]     import descriptor: dll=KERNEL32.dll INT_rva=0x28db8 IAT_rva=0x291c0
[17:03:17.028]     slot=00007FF873DE9240 orig=00007FF88EE5C610 new=00007FF860C65ED0 readback=00007FF860C65ED0 (LoadLibraryExW)
[17:03:17.029]     import descriptor: dll=KERNEL32.dll INT_rva=0xd0b0 IAT_rva=0xd210
[17:03:17.029]     import descriptor: dll=KERNEL32.dll INT_rva=0x11edf8 IAT_rva=0x11f380
[17:03:17.029]     import descriptor: dll=KERNEL32.dll INT_rva=0x237650 IAT_rva=0x1bc0e0
[17:03:17.029]     import descriptor: dll=KERNEL32.dll INT_rva=0x2b01b8 IAT_rva=0x251f88
[17:03:17.029]     import descriptor: dll=KERNEL32.dll INT_rva=0x172ee0 IAT_rva=0x133010
[17:03:17.029]     import descriptor: dll=KERNEL32.dll INT_rva=0x9b678 IAT_rva=0x7dee8
[17:03:17.030]     import descriptor: dll=KERNEL32.dll INT_rva=0x7ead8 IAT_rva=0x5d248
[17:03:17.030]     import descriptor: dll=KERNEL32.dll INT_rva=0x523ec8 IAT_rva=0x3d3000
[17:03:17.030]     import descriptor: dll=KERNEL32.dll INT_rva=0xb2010 IAT_rva=0x99000
[17:03:17.030]     import descriptor: dll=KERNEL32.dll INT_rva=0x95650 IAT_rva=0x7c588
[17:03:17.030]     import descriptor: dll=KERNEL32.dll INT_rva=0xe1d50 IAT_rva=0xb4f38
[17:03:17.030]     slot=00007FF8616950A8 orig=00007FF88EE5C610 new=00007FF860C65ED0 readback=00007FF860C65ED0 (LoadLibraryExW)
[17:03:17.031]     import descriptor: dll=KERNEL32.dll INT_rva=0x491b3a8 IAT_rva=0x3b75050
[17:03:17.031]     slot=00007FF87CD35208 orig=00007FF88EE5C610 new=00007FF860C65ED0 readback=00007FF860C65ED0 (LoadLibraryExW)
[17:03:17.031]     import descriptor: dll=KERNEL32.dll INT_rva=0x10f300 IAT_rva=0xe9040
[17:03:17.031]     slot=00007FF8860694F0 orig=00007FF88EE5C610 new=00007FF860C65ED0 readback=00007FF860C65ED0 (LoadLibraryExW)
[17:03:17.031]     import descriptor: dll=KERNEL32.dll INT_rva=0x15148 IAT_rva=0x11878
[17:03:17.031]     import descriptor: dll=KERNEL32.dll INT_rva=0x358f8b0 IAT_rva=0x14f9140
[17:03:17.032]     slot=00007FF8297E9200 orig=00007FF88EE5C610 new=00007FF860C65ED0 readback=00007FF860C65ED0 (LoadLibraryExW)
[17:03:17.032]     import descriptor: dll=KERNEL32.dll INT_rva=0x4d18 IAT_rva=0x4150
[17:03:17.032]     import descriptor: dll=KERNEL32.dll INT_rva=0x95f28 IAT_rva=0x7fb20
[17:03:17.032]     import descriptor: dll=KERNEL32.dll INT_rva=0xd1a878 IAT_rva=0x9e3160
[17:03:17.032]     slot=00007FF84A4B33A0 orig=00007FF88EE5C610 new=00007FF860C65ED0 readback=00007FF860C65ED0 (LoadLibraryExW)
[17:03:17.032]     import descriptor: dll=KERNEL32.dll INT_rva=0x5d20 IAT_rva=0x4000
[17:03:17.032]     slot=00007FF8866840D0 orig=00007FF88EE5C610 new=00007FF860C65ED0 readback=00007FF860C65ED0 (LoadLibraryExW)
[17:03:17.033]     import descriptor: dll=KERNEL32.dll INT_rva=0x5e66b0 IAT_rva=0x46a000
[17:03:17.033]     import descriptor: dll=KERNEL32.dll INT_rva=0x21f48 IAT_rva=0x18000
[17:03:17.033]     slot=00007FF8708E8008 orig=00007FF88EE5C610 new=00007FF860C65ED0 readback=00007FF860C65ED0 (LoadLibraryExW)
[17:03:17.033]     import descriptor: dll=KERNEL32.dll INT_rva=0x43a18 IAT_rva=0x3a030
[17:03:17.033]     slot=00007FF87048A1E0 orig=00007FF88EE5C610 new=00007FF860C65ED0 readback=00007FF860C65ED0 (LoadLibraryExW)
[17:03:17.033]     import descriptor: dll=KERNEL32.dll INT_rva=0x168230 IAT_rva=0x144048
[17:03:17.033]     import descriptor: dll=KERNEL32.dll INT_rva=0x9aa0 IAT_rva=0x8180
[17:03:17.033]     import descriptor: dll=KERNEL32.dll INT_rva=0x2642f0 IAT_rva=0x1b9b30
[17:03:17.034]     import descriptor: dll=KERNEL32.dll INT_rva=0x5e0e0 IAT_rva=0x4b288
[17:03:17.034]     slot=00007FF856DFB330 orig=00007FF88EE5C610 new=00007FF860C65ED0 readback=00007FF860C65ED0 (LoadLibraryExW)
[17:03:17.034]     import descriptor: dll=KERNEL32.dll INT_rva=0x14ea98 IAT_rva=0xfdac8
[17:03:17.034]     import descriptor: dll=KERNEL32.dll INT_rva=0x5641a8 IAT_rva=0x497090
[17:03:17.034]     import descriptor: dll=KERNEL32.dll INT_rva=0x10b4d8 IAT_rva=0xcc298
[17:03:17.035]     slot=00007FF83AE2C350 orig=00007FF88EE5C610 new=00007FF860C65ED0 readback=00007FF860C65ED0 (LoadLibraryExW)
[17:03:17.035]     import descriptor: dll=KERNEL32.dll INT_rva=0x198f0 IAT_rva=0x15b68
[17:03:17.035]     slot=00007FF8645A5C08 orig=00007FF88EE5C610 new=00007FF860C65ED0 readback=00007FF860C65ED0 (LoadLibraryExW)
[17:03:17.035]     import descriptor: dll=KERNEL32.dll INT_rva=0x1229f0 IAT_rva=0xefde0
[17:03:17.036]     import descriptor: dll=KERNEL32.dll INT_rva=0x3158b0 IAT_rva=0x2aa2c0
[17:03:17.036]     slot=00007FF81F39A2C8 orig=00007FF88EE5C610 new=00007FF860C65ED0 readback=00007FF860C65ED0 (LoadLibraryExW)
[17:03:17.036]     import descriptor: dll=KERNEL32.dll INT_rva=0x627f8 IAT_rva=0x4bc40
[17:03:17.036]     slot=00007FF8489ABE50 orig=00007FF88EE5C610 new=00007FF860C65ED0 readback=00007FF860C65ED0 (LoadLibraryExW)
[17:03:17.036]     import descriptor: dll=KERNEL32.dll INT_rva=0xf47a0 IAT_rva=0xcb050
[17:03:17.037]     slot=00007FF85E2FB1B8 orig=00007FF88EE5C610 new=00007FF860C65ED0 readback=00007FF860C65ED0 (LoadLibraryExW)
[17:03:17.037]     import descriptor: dll=KERNEL32.dll INT_rva=0x7558 IAT_rva=0x6150
[17:03:17.037]     import descriptor: dll=KERNEL32.dll INT_rva=0x19a50 IAT_rva=0x15c20
[17:03:17.037]     import descriptor: dll=KERNEL32.dll INT_rva=0x63d10 IAT_rva=0x51000
[17:03:17.037]     slot=00007FFF98B71160 orig=00007FF88EE5C610 new=00007FF860C65ED0 readback=00007FF860C65ED0 (LoadLibraryExW)
[17:03:17.037]     import descriptor: dll=KERNEL32.dll INT_rva=0x7c6d8 IAT_rva=0x660b0
[17:03:17.037]     slot=00007FFF98AF62A0 orig=00007FF88EE5C610 new=00007FF860C65ED0 readback=00007FF860C65ED0 (LoadLibraryExW)
[17:03:17.038]     import descriptor: dll=KERNEL32.dll INT_rva=0xf0618 IAT_rva=0xa9080
[17:03:17.038]     slot=00007FF8370B94A8 orig=00007FF88EE5C610 new=00007FF860C65ED0 readback=00007FF860C65ED0 (LoadLibraryExW)
[17:03:17.038]     import descriptor: dll=KERNEL32.dll INT_rva=0xb6c60 IAT_rva=0x900b0
[17:03:17.038]     slot=00007FF80F3D0490 orig=00007FF88EE5C610 new=00007FF860C65ED0 readback=00007FF860C65ED0 (LoadLibraryExW)
[17:03:17.038]     import descriptor: dll=KERNEL32.dll INT_rva=0x20610 IAT_rva=0x19908
[17:03:17.038]     slot=00007FF8850C9B20 orig=00007FF88EE5C610 new=00007FF860C65ED0 readback=00007FF860C65ED0 (LoadLibraryExW)
[17:03:17.039]     import descriptor: dll=KERNEL32.dll INT_rva=0x4eac8 IAT_rva=0x3b090
[17:03:17.039]     slot=00007FF860C8B100 orig=00007FF88EE5C610 new=00007FF860C65ED0 readback=00007FF860C65ED0 (LoadLibraryExW)
[17:03:17.039]     import descriptor: dll=KERNEL32.dll INT_rva=0x43fe8 IAT_rva=0x32020
[17:03:17.039]     slot=00007FF84E512080 orig=00007FF88EE5C610 new=00007FF860C65ED0 readback=00007FF860C65ED0 (LoadLibraryExW)
[17:03:17.040] install_loadlibrary_hook: 25 IAT hooks on LoadLibraryExW
[17:03:17.040]     import descriptor: dll=ole32.dll INT_rva=0x8d530 IAT_rva=0x6b0f8
[17:03:17.040]     slot=00007FF85D05B120 orig=00007FF88FC365F0 new=00007FF860C679A0 readback=00007FF860C679A0 (CoCreateInstance)
[17:03:17.041]     import descriptor: dll=ole32.dll INT_rva=0x38b70 IAT_rva=0x30530
[17:03:17.041]     slot=00007FF8891D0540 orig=00007FF88FC365F0 new=00007FF860C679A0 readback=00007FF860C679A0 (CoCreateInstance)
[17:03:17.042]     import descriptor: dll=ole32.dll INT_rva=0x28ab8 IAT_rva=0x28ec0
[17:03:17.042]     import descriptor: dll=ole32.dll INT_rva=0x491b960 IAT_rva=0x3b75608
[17:03:17.042]     import descriptor: dll=ole32.dll INT_rva=0x15650 IAT_rva=0x11d80
[17:03:17.043]     import descriptor: dll=ole32.dll INT_rva=0x3590290 IAT_rva=0x14f9b20
[17:03:17.043]     import descriptor: dll=ole32.dll INT_rva=0xd1b7d0 IAT_rva=0x9e40b8
[17:03:17.043]     slot=00007FF84A4B4118 orig=00007FF88FC365F0 new=00007FF860C679A0 readback=00007FF860C679A0 (CoCreateInstance)
[17:03:17.043]     import descriptor: dll=ole32.dll INT_rva=0x222f8 IAT_rva=0x183b0
[17:03:17.043]     slot=00007FF8708E83B8 orig=00007FF88FC365F0 new=00007FF860C679A0 readback=00007FF860C679A0 (CoCreateInstance)
[17:03:17.044]     import descriptor: dll=ole32.dll INT_rva=0x43de8 IAT_rva=0x3a400
[17:03:17.044]     import descriptor: dll=ole32.dll INT_rva=0x564c18 IAT_rva=0x497b00
[17:03:17.044]     slot=00007FFFF1EB7B50 orig=00007FF88FC365F0 new=00007FF860C679A0 readback=00007FF860C679A0 (CoCreateInstance)
[17:03:17.044]     import descriptor: dll=ole32.dll INT_rva=0x10c108 IAT_rva=0xccec8
[17:03:17.044]     slot=00007FF83AE2CF50 orig=00007FF88FC365F0 new=00007FF860C679A0 readback=00007FF860C679A0 (CoCreateInstance)
[17:03:17.045]     import descriptor: dll=ole32.dll INT_rva=0x19d10 IAT_rva=0x15f88
[17:03:17.045]     slot=00007FF8645A5FB0 orig=00007FF88FC365F0 new=00007FF860C679A0 readback=00007FF860C679A0 (CoCreateInstance)
[17:03:17.045]     import descriptor: dll=ole32.dll INT_rva=0x316208 IAT_rva=0x2aac18
[17:03:17.045]     slot=00007FF81F39AC18 orig=00007FF88FC365F0 new=00007FF860C679A0 readback=00007FF860C679A0 (CoCreateInstance)
[17:03:17.046]     import descriptor: dll=ole32.dll INT_rva=0xf4c20 IAT_rva=0xcb4d0
[17:03:17.046]     import descriptor: dll=ole32.dll INT_rva=0xb71a0 IAT_rva=0x905f0
[17:03:17.046]     import descriptor: dll=ole32.dll INT_rva=0x20ae0 IAT_rva=0x19dd8
[17:03:17.046]     slot=00007FF8850C9E08 orig=00007FF88FC365F0 new=00007FF860C679A0 readback=00007FF860C679A0 (CoCreateInstance)
[17:03:17.046]     import descriptor: dll=ole32.dll INT_rva=0x4f020 IAT_rva=0x3b5e8
[17:03:17.046]     slot=00007FF860C8B600 orig=00007FF88FC365F0 new=00007FF860C679A0 readback=00007FF860C679A0 (CoCreateInstance)
[17:03:17.047]     import descriptor: dll=ole32.dll INT_rva=0x44398 IAT_rva=0x323d0
[17:03:17.047]     slot=00007FF84E5123E0 orig=00007FF88FC365F0 new=00007FF860C679A0 readback=00007FF860C679A0 (CoCreateInstance)
[17:03:17.047] install_cocreateinstance_hook: 11 IAT hooks via ole32.dll
[17:03:17.047]     import descriptor: dll=combase.dll INT_rva=0x256788 IAT_rva=0x1f82b8
[17:03:17.047]     import descriptor: dll=combase.dll INT_rva=0xc54c0 IAT_rva=0xae698
[17:03:17.048]     import descriptor: dll=combase.dll INT_rva=0x7e2c08 IAT_rva=0x6d0158
[17:03:17.048]     import descriptor: dll=combase.dll INT_rva=0x147330 IAT_rva=0x114688
[17:03:17.048]     import descriptor: dll=combase.dll INT_rva=0x106630 IAT_rva=0xe2430
[17:03:17.048]     import descriptor: dll=combase.dll INT_rva=0x21cca0 IAT_rva=0x1ca9d0
[17:03:17.048]     import descriptor: dll=combase.dll INT_rva=0x238ee8 IAT_rva=0x1bd978
[17:03:17.048]     import descriptor: dll=combase.dll INT_rva=0x1cf18 IAT_rva=0x18788
[17:03:17.048]     import descriptor: dll=combase.dll INT_rva=0x8b8648 IAT_rva=0x75ed28
[17:03:17.048]     import descriptor: dll=combase.dll INT_rva=0xfb20f0 IAT_rva=0xe7f258
[17:03:17.049]     import descriptor: dll=combase.dll INT_rva=0x5cbed0 IAT_rva=0x4194e8
[17:03:17.049]     import descriptor: dll=combase.dll INT_rva=0x13bd10 IAT_rva=0x10b4a0
[17:03:17.049]     import descriptor: dll=combase.dll INT_rva=0x1338a0 IAT_rva=0x103388
[17:03:17.049]     import descriptor: dll=combase.dll INT_rva=0x5c8198 IAT_rva=0x4de7e8
[17:03:17.049]     import descriptor: dll=combase.dll INT_rva=0x1b8b88 IAT_rva=0x1790c8
[17:03:17.049]     import descriptor: dll=combase.dll INT_rva=0x2d9bd8 IAT_rva=0x249698
[17:03:17.049]     import descriptor: dll=combase.dll INT_rva=0x15cc38 IAT_rva=0x125e50
[17:03:17.050]     import descriptor: dll=combase.dll INT_rva=0xc3c80 IAT_rva=0xa4930
[17:03:17.050]     import descriptor: dll=combase.dll INT_rva=0x16aa48 IAT_rva=0x1342f8
[17:03:17.050]     import descriptor: dll=combase.dll INT_rva=0x108dc0 IAT_rva=0xcbea8
[17:03:17.050]     import descriptor: dll=combase.dll INT_rva=0x124cc8 IAT_rva=0xf6e50
[17:03:17.050]     import descriptor: dll=combase.dll INT_rva=0x9ada0 IAT_rva=0x833e8
[17:03:17.050]     import descriptor: dll=combase.dll INT_rva=0x53f10 IAT_rva=0x422e8
[17:03:17.050]     import descriptor: dll=combase.dll INT_rva=0x46468 IAT_rva=0x37938
[17:03:17.050] install_cocreateinstance_hook: 0 IAT hooks via combase.dll
[17:03:18.571] populate_shell_context: owner=00000000028C01A6 top=0000000001270328 rootowner=0000000001270328
[17:03:18.572] populate_shell_context: active_tab=0000000000381684
[17:03:18.572] === diagnostic dump for active_tab=0000000000381684 ===
[17:03:18.572]   cabinet=0000000001270328
[17:03:18.572]   --- descendants of active_tab ---
[17:03:18.572]     dump hwnd=0000000006200FB6 class='DUIViewWndClassName' rect=(413,466 1236x522)
[17:03:18.574]       probe hwnd=0000000006200FB6 class='DUIViewWndClassName' AccObj(OBJID_WINDOW) hr=0x00000000 sp=000000005EF2A8D0
[17:03:18.574]         QS SID_SShellBrowser hr=0x80070057 psb=NULL
[17:03:18.574]         QS SID_STopLevelBrowser hr=0x80070057 psb=NULL
[17:03:18.574]         QS SID_SInPlaceBrowser hr=0x80070057 psb=NULL
[17:03:18.574]       probe hwnd=0000000006200FB6 AccObj(OBJID_NATIVEOM, IDispatch) hr=0x80004005 disp=0000000000000000
[17:03:18.575]     dump hwnd=0000000000451002 class='DirectUIHWND' rect=(413,466 1236x522)
[17:03:18.575]       probe hwnd=0000000000451002 class='DirectUIHWND' AccObj(OBJID_WINDOW) hr=0x00000000 sp=000000005EF29F30
[17:03:18.575]         QS SID_SShellBrowser hr=0x80070057 psb=NULL
[17:03:18.575]         QS SID_STopLevelBrowser hr=0x80070057 psb=NULL
[17:03:18.575]         QS SID_SInPlaceBrowser hr=0x80070057 psb=NULL
[17:03:18.575]       probe hwnd=0000000000451002 AccObj(OBJID_NATIVEOM, IDispatch) hr=0x80004005 disp=0000000000000000
[17:03:18.576]     dump hwnd=0000000001E20F30 class='CtrlNotifySink' rect=(1110,466 0x0)
[17:03:18.576]     dump hwnd=00000000001516AA class='Shell Preview Extension Host' rect=(1110,466 0x0)
[17:03:18.576]     dump hwnd=0000000001BD0340 class='CtrlNotifySink' rect=(628,481 0x0)
[17:03:18.576]     dump hwnd=0000000000321690 class='Button' rect=(628,481 0x0)
[17:03:18.576]     dump hwnd=00000000001914D0 class='CtrlNotifySink' rect=(628,481 0x0)
[17:03:18.576]     dump hwnd=0000000001461180 class='Button' rect=(628,481 0x0)
[17:03:18.576]     dump hwnd=00000000049103DE class='CtrlNotifySink' rect=(416,466 192x491)
[17:03:18.577]     dump hwnd=00000000015011A4 class='NamespaceTreeControl' rect=(416,466 192x491)
[17:03:18.577]       probe hwnd=00000000015011A4 class='NamespaceTreeControl' AccObj(OBJID_WINDOW) hr=0x00000000 sp=000000005EF2A2A0
[17:03:18.577]         QS SID_SShellBrowser hr=0x80070057 psb=NULL
[17:03:18.577]         QS SID_STopLevelBrowser hr=0x80070057 psb=NULL
[17:03:18.577]         QS SID_SInPlaceBrowser hr=0x80070057 psb=NULL
[17:03:18.578]       probe hwnd=00000000015011A4 AccObj(OBJID_NATIVEOM, IDispatch) hr=0x80004005 disp=0000000000000000
[17:03:18.578]     dump hwnd=00000000004D09B4 class='Static' rect=(416,466 0x0)
[17:03:18.578]     dump hwnd=000000000BD70E6C class='SysTreeView32' rect=(416,466 192x491)
[17:03:18.578]     dump hwnd=0000000002000B12 class='CtrlNotifySink' rect=(613,466 493x491)
[17:03:18.578]     dump hwnd=00000000028C01A6 class='SHELLDLL_DefView' rect=(613,466 493x491)
[17:03:18.579]       probe hwnd=00000000028C01A6 class='SHELLDLL_DefView' AccObj(OBJID_WINDOW) hr=0x00000000 sp=000000005EF2ACF0
[17:03:18.579]         QS SID_SShellBrowser hr=0x80070057 psb=NULL
[17:03:18.579]         QS SID_STopLevelBrowser hr=0x80070057 psb=NULL
[17:03:18.580]         QS SID_SInPlaceBrowser hr=0x80070057 psb=NULL
[17:03:18.580]       probe hwnd=00000000028C01A6 AccObj(OBJID_NATIVEOM, IDispatch) hr=0x80004005 disp=0000000000000000
[17:03:18.580]     dump hwnd=0000000001060282 class='DirectUIHWND' rect=(613,466 493x491)
[17:03:18.580]       probe hwnd=0000000001060282 class='DirectUIHWND' AccObj(OBJID_WINDOW) hr=0x00000000 sp=000000005EF29850
[17:03:18.580]         QS SID_SShellBrowser hr=0x80070057 psb=NULL
[17:03:18.580]         QS SID_STopLevelBrowser hr=0x80070057 psb=NULL
[17:03:18.581]         QS SID_SInPlaceBrowser hr=0x80070057 psb=NULL
[17:03:18.581]       probe hwnd=0000000001060282 AccObj(OBJID_NATIVEOM, IDispatch) hr=0x80004005 disp=0000000000000000
[17:03:18.581]     dump hwnd=0000000001B2123A class='CtrlNotifySink' rect=(613,936 472x21)
[17:03:18.581]     dump hwnd=00000000005413D6 class='ScrollBar' rect=(613,936 472x21)
[17:03:18.582]     dump hwnd=0000000000C21A06 class='CtrlNotifySink' rect=(1085,466 21x470)
[17:03:18.582]     dump hwnd=00000000004419A0 class='ScrollBar' rect=(1085,466 21x470)
[17:03:18.582]     dump hwnd=0000000001BC0950 class='msctls_statusbar32' rect=(413,437 0x29)
[17:03:18.582]   --- descendants of cabinet ---
[17:03:18.582]     dump hwnd=000000000127110E class='InputNonClientPointerSource' rect=(413,296 0x0)
[17:03:18.582]     dump hwnd=000000000CEA0F50 class='TITLE_BAR_SCAFFOLDING_WINDOW_CLASS' rect=(1074,296 575x43)
[17:03:18.582]     dump hwnd=0000000000381684 class='ShellTabWindowClass' rect=(413,466 1236x522)
[17:03:18.583]     dump hwnd=0000000006200FB6 class='DUIViewWndClassName' rect=(413,466 1236x522)
[17:03:18.583]       probe hwnd=0000000006200FB6 class='DUIViewWndClassName' AccObj(OBJID_WINDOW) hr=0x00000000 sp=000000005EF29F30
[17:03:18.583]         QS SID_SShellBrowser hr=0x80070057 psb=NULL
[17:03:18.583]         QS SID_STopLevelBrowser hr=0x80070057 psb=NULL
[17:03:18.583]         QS SID_SInPlaceBrowser hr=0x80070057 psb=NULL
[17:03:18.583]       probe hwnd=0000000006200FB6 AccObj(OBJID_NATIVEOM, IDispatch) hr=0x80004005 disp=0000000000000000
[17:03:18.583]     dump hwnd=0000000000451002 class='DirectUIHWND' rect=(413,466 1236x522)
[17:03:18.584]       probe hwnd=0000000000451002 class='DirectUIHWND' AccObj(OBJID_WINDOW) hr=0x00000000 sp=000000005EF2ACF0
[17:03:18.584]         QS SID_SShellBrowser hr=0x80070057 psb=NULL
[17:03:18.584]         QS SID_STopLevelBrowser hr=0x80070057 psb=NULL
[17:03:18.584]         QS SID_SInPlaceBrowser hr=0x80070057 psb=NULL
[17:03:18.584]       probe hwnd=0000000000451002 AccObj(OBJID_NATIVEOM, IDispatch) hr=0x80004005 disp=0000000000000000
[17:03:18.585]     dump hwnd=0000000001E20F30 class='CtrlNotifySink' rect=(1110,466 0x0)
[17:03:18.585]     dump hwnd=00000000001516AA class='Shell Preview Extension Host' rect=(1110,466 0x0)
[17:03:18.585]     dump hwnd=0000000001BD0340 class='CtrlNotifySink' rect=(628,481 0x0)
[17:03:18.585]     dump hwnd=0000000000321690 class='Button' rect=(628,481 0x0)
[17:03:18.586]     dump hwnd=00000000001914D0 class='CtrlNotifySink' rect=(628,481 0x0)
[17:03:18.586]     dump hwnd=0000000001461180 class='Button' rect=(628,481 0x0)
[17:03:18.586]     dump hwnd=00000000049103DE class='CtrlNotifySink' rect=(416,466 192x491)
[17:03:18.586]     dump hwnd=00000000015011A4 class='NamespaceTreeControl' rect=(416,466 192x491)
[17:03:18.587]       probe hwnd=00000000015011A4 class='NamespaceTreeControl' AccObj(OBJID_WINDOW) hr=0x00000000 sp=000000005EF2B060
[17:03:18.587]         QS SID_SShellBrowser hr=0x80070057 psb=NULL
[17:03:18.587]         QS SID_STopLevelBrowser hr=0x80070057 psb=NULL
[17:03:18.587]         QS SID_SInPlaceBrowser hr=0x80070057 psb=NULL
[17:03:18.588]       probe hwnd=00000000015011A4 AccObj(OBJID_NATIVEOM, IDispatch) hr=0x80004005 disp=0000000000000000
[17:03:18.588]     dump hwnd=00000000004D09B4 class='Static' rect=(416,466 0x0)
[17:03:18.588]     dump hwnd=000000000BD70E6C class='SysTreeView32' rect=(416,466 192x491)
[17:03:18.588]     dump hwnd=0000000002000B12 class='CtrlNotifySink' rect=(613,466 493x491)
[17:03:18.588]     dump hwnd=00000000028C01A6 class='SHELLDLL_DefView' rect=(613,466 493x491)
[17:03:18.589]       probe hwnd=00000000028C01A6 class='SHELLDLL_DefView' AccObj(OBJID_WINDOW) hr=0x00000000 sp=000000005EF2ADA0
[17:03:18.589]         QS SID_SShellBrowser hr=0x80070057 psb=NULL
[17:03:18.589]         QS SID_STopLevelBrowser hr=0x80070057 psb=NULL
[17:03:18.589]         QS SID_SInPlaceBrowser hr=0x80070057 psb=NULL
[17:03:18.590]       probe hwnd=00000000028C01A6 AccObj(OBJID_NATIVEOM, IDispatch) hr=0x80004005 disp=0000000000000000
[17:03:18.590]     dump hwnd=0000000001060282 class='DirectUIHWND' rect=(613,466 493x491)
[17:03:18.590]       probe hwnd=0000000001060282 class='DirectUIHWND' AccObj(OBJID_WINDOW) hr=0x00000000 sp=000000005EF29BC0
[17:03:18.590]         QS SID_SShellBrowser hr=0x80070057 psb=NULL
[17:03:18.590]         QS SID_STopLevelBrowser hr=0x80070057 psb=NULL
[17:03:18.590]         QS SID_SInPlaceBrowser hr=0x80070057 psb=NULL
[17:03:18.591]       probe hwnd=0000000001060282 AccObj(OBJID_NATIVEOM, IDispatch) hr=0x80004005 disp=0000000000000000
[17:03:18.591]     dump hwnd=0000000001B2123A class='CtrlNotifySink' rect=(613,936 472x21)
[17:03:18.591]     dump hwnd=00000000005413D6 class='ScrollBar' rect=(613,936 472x21)
[17:03:18.592]     dump hwnd=0000000000C21A06 class='CtrlNotifySink' rect=(1085,466 21x470)
[17:03:18.592]     dump hwnd=00000000004419A0 class='ScrollBar' rect=(1085,466 21x470)
[17:03:18.592]     dump hwnd=0000000001BC0950 class='msctls_statusbar32' rect=(413,437 0x29)
[17:03:18.592]     dump hwnd=00000000003517F8 class='ShellTabWindowClass' rect=(413,466 1236x522)
[17:03:18.593]     dump hwnd=000000000012131A class='DUIViewWndClassName' rect=(413,466 1236x522)
[17:03:18.593]       probe hwnd=000000000012131A class='DUIViewWndClassName' AccObj(OBJID_WINDOW) hr=0x00000000 sp=000000005EF2B480
[17:03:18.593]         QS SID_SShellBrowser hr=0x80070057 psb=NULL
[17:03:18.593]         QS SID_STopLevelBrowser hr=0x80070057 psb=NULL
[17:03:18.593]         QS SID_SInPlaceBrowser hr=0x80070057 psb=NULL
[17:03:18.593]       probe hwnd=000000000012131A AccObj(OBJID_NATIVEOM, IDispatch) hr=0x80004005 disp=0000000000000000
[17:03:18.594]     dump hwnd=0000000000281680 class='DirectUIHWND' rect=(413,466 1236x522)
[17:03:18.594]       probe hwnd=0000000000281680 class='DirectUIHWND' AccObj(OBJID_WINDOW) hr=0x00000000 sp=000000005EF2B690
[17:03:18.594]         QS SID_SShellBrowser hr=0x80070057 psb=NULL
[17:03:18.594]         QS SID_STopLevelBrowser hr=0x80070057 psb=NULL
[17:03:18.595]         QS SID_SInPlaceBrowser hr=0x80070057 psb=NULL
[17:03:18.595]       probe hwnd=0000000000281680 AccObj(OBJID_NATIVEOM, IDispatch) hr=0x80004005 disp=0000000000000000
[17:03:18.595]     dump hwnd=00000000007B1148 class='CtrlNotifySink' rect=(416,466 192x491)
[17:03:18.595]     dump hwnd=00000000011D046C class='NamespaceTreeControl' rect=(416,466 192x491)
[17:03:18.595]       probe hwnd=00000000011D046C class='NamespaceTreeControl' AccObj(OBJID_WINDOW) hr=0x00000000 sp=000000005EF2A770
[17:03:18.595]         QS SID_SShellBrowser hr=0x80070057 psb=NULL
[17:03:18.596]         QS SID_STopLevelBrowser hr=0x80070057 psb=NULL
[17:03:18.596]         QS SID_SInPlaceBrowser hr=0x80070057 psb=NULL
[17:03:18.596]       probe hwnd=00000000011D046C AccObj(OBJID_NATIVEOM, IDispatch) hr=0x80004005 disp=0000000000000000
[17:03:18.597]     dump hwnd=0000000000EC055E class='Static' rect=(416,466 0x0)
[17:03:18.597]     dump hwnd=00000000002B06FE class='SysTreeView32' rect=(416,466 192x491)
[17:03:18.597]     dump hwnd=00000000017F0A3C class='CtrlNotifySink' rect=(628,481 0x0)
[17:03:18.597]     dump hwnd=0000000001A10AD6 class='Button' rect=(628,481 0x0)
[17:03:18.597]     dump hwnd=00000000003D092A class='CtrlNotifySink' rect=(628,481 0x0)
[17:03:18.598]     dump hwnd=0000000000DC08FA class='Button' rect=(628,481 0x0)
[17:03:18.598]     dump hwnd=00000000013D0BC4 class='CtrlNotifySink' rect=(1110,466 0x0)
[17:03:18.598]     dump hwnd=000000000CD202BE class='Shell Preview Extension Host' rect=(1110,466 0x0)
[17:03:18.598]     dump hwnd=0000000000970162 class='CtrlNotifySink' rect=(613,466 493x491)
[17:03:18.598]     dump hwnd=00000000011B086C class='SHELLDLL_DefView' rect=(613,466 493x491)
[17:03:18.598]       probe hwnd=00000000011B086C class='SHELLDLL_DefView' AccObj(OBJID_WINDOW) hr=0x00000000 sp=000000005EF2AA30
[17:03:18.599]         QS SID_SShellBrowser hr=0x80070057 psb=NULL
[17:03:18.599]         QS SID_STopLevelBrowser hr=0x80070057 psb=NULL
[17:03:18.599]         QS SID_SInPlaceBrowser hr=0x80070057 psb=NULL
[17:03:18.599]       probe hwnd=00000000011B086C AccObj(OBJID_NATIVEOM, IDispatch) hr=0x80004005 disp=0000000000000000
[17:03:18.599]     dump hwnd=0000000001240262 class='DirectUIHWND' rect=(613,466 493x491)
[17:03:18.599]       probe hwnd=0000000001240262 class='DirectUIHWND' AccObj(OBJID_WINDOW) hr=0x00000000 sp=000000005EF2ACF0
[17:03:18.600]         QS SID_SShellBrowser hr=0x80070057 psb=NULL
[17:03:18.600]         QS SID_STopLevelBrowser hr=0x80070057 psb=NULL
[17:03:18.600]         QS SID_SInPlaceBrowser hr=0x80070057 psb=NULL
[17:03:18.600]       probe hwnd=0000000001240262 AccObj(OBJID_NATIVEOM, IDispatch) hr=0x80004005 disp=0000000000000000
[17:03:18.600]     dump hwnd=0000000005A60FCA class='CtrlNotifySink' rect=(613,936 493x21)
[17:03:18.601]     dump hwnd=00000000029A093C class='ScrollBar' rect=(613,936 493x21)
[17:03:18.601]     dump hwnd=0000000000AE090A class='CtrlNotifySink' rect=(613,466 0x0)
[17:03:18.601]     dump hwnd=00000000004909C8 class='ScrollBar' rect=(613,466 0x0)
[17:03:18.601]     dump hwnd=0000000000D207CA class='msctls_statusbar32' rect=(413,437 0x29)
[17:03:18.601]     dump hwnd=0000000006AA10D4 class='Microsoft.UI.Content.DesktopChildSiteBridge' rect=(413,299 1236x167)
[17:03:18.601]     dump hwnd=00000000018B1010 class='InputSiteWindowClass' rect=(413,299 0x0)
[17:03:18.602] === end diagnostic dump ===
[17:03:18.602]   tab-sb: AccObj objid=0xfffffff0 hr=0x80004005 sp=0000000000000000
[17:03:18.602]   tab-sb: AccObj objid=0x00000000 hr=0x00000000 sp=000000005EF2AA30
[17:03:18.602]   tab-sb: QueryService(SID_SShellBrowser) hr=0x80070057 psb=0000000000000000
[17:03:18.602]   tab-subtree SHELLDLL_DefView=00000000028C01A6
[17:03:18.603]   tab-subtree: no IShellFolderViewDual reachable
[17:03:18.603] populate_shell_context: tab-subtree failed; falling back to legacy IShellBrowser path
[17:03:18.603]   uia-read: cabinet=0000000001270328 def_view=00000000028C01A6
[17:03:18.604]   uia-read: CoCreateInstance hr=0x00000000 uia=000000005B9F8370
[17:03:18.675]   uia-read: resolved known folder 'Downloads' -> 'C:\Users\azt12\Downloads'
[17:03:18.676]   uia-read: folder='C:\Users\azt12\Downloads'
[17:03:18.679]   uia-read: selection-host elem=000000005EFAFAB0
[17:03:18.679]   uia-read: selection count=1
[17:03:18.679]     uia-read: sel[0] path='C:\Users\azt12\Downloads\Widget Launcher Installer (2).exe'
[17:03:18.680] infer_single_target: p='C:\Users\azt12\Downloads\Widget Launcher Installer (2).exe' attrs=0x00000020 gle=0
[17:03:18.680] populate_shell_context: UIA-read OK target=0 sel=1 folder=C:\Users\azt12\Downloads
[17:03:18.680] build_menu_for_current_click: calling RegisterMenu
[17:03:18.681]   RegisterMenu returned, top-level items=13
[17:03:18.681] D2D1CreateFactory hr=0x00000000 ptr=000000000544B160
[17:03:18.681] DWriteCreateFactory hr=0x00000000 ptr=0000000005096CB0
[17:03:18.681] DWrite font file C:\Users\azt12\OneDrive\Documents\Computing\All Projects\Windows OS Work\Right-Click Menu API\WORKING\build\Font\Exo2-VariableFont_wght.ttf hr=0x00000000
[17:03:18.683] DWrite font collection hr=0x00000000 ptr=000000005F11EBA0
[17:03:18.683] DWrite collection has 1 families
[17:03:18.683]   family[0] = Exo 2
[17:03:18.684] menu_window::show ENTER owner=00000000028C01A6 pos=(728,553) size=(260,488) children=13
[17:03:18.695] icon: decoded C:\Users\azt12\OneDrive\Documents\Computing\All Projects\Windows OS Work\Right-Click Menu API\WORKING\build\assets\icons\open.png -> 56x56 hbm=000000007A0542CC
[17:03:18.698] icon: decoded C:\Users\azt12\OneDrive\Documents\Computing\All Projects\Windows OS Work\Right-Click Menu API\WORKING\build\assets\icons\create_desktop_shortcut.png -> 56x56 hbm=FFFFFFFFE8053A06
[17:03:18.699] icon: decoded C:\Users\azt12\OneDrive\Documents\Computing\All Projects\Windows OS Work\Right-Click Menu API\WORKING\build\assets\icons\copy_as_path.png -> 56x56 hbm=000000007E05165B
[17:03:18.701] icon: decoded C:\Users\azt12\OneDrive\Documents\Computing\All Projects\Windows OS Work\Right-Click Menu API\WORKING\build\assets\icons\rename.png -> 56x56 hbm=000000004D053574
[17:03:18.702] icon: decoded C:\Users\azt12\OneDrive\Documents\Computing\All Projects\Windows OS Work\Right-Click Menu API\WORKING\build\assets\icons\copy.png -> 56x56 hbm=00000000540540D0
[17:03:18.704] icon: decoded C:\Users\azt12\OneDrive\Documents\Computing\All Projects\Windows OS Work\Right-Click Menu API\WORKING\build\assets\icons\cut.png -> 56x56 hbm=FFFFFFFFAC052001
[17:03:18.705] icon: decoded C:\Users\azt12\OneDrive\Documents\Computing\All Projects\Windows OS Work\Right-Click Menu API\WORKING\build\assets\icons\delete.png -> 56x56 hbm=00000000170542A8
[17:03:18.707] icon: decoded C:\Users\azt12\OneDrive\Documents\Computing\All Projects\Windows OS Work\Right-Click Menu API\WORKING\build\assets\icons\properties.png -> 56x56 hbm=00000000750507E9
[17:03:18.713] D2D Flush hr=0x00000000 EndDraw hr=0x00000000
[17:03:18.719]   hwnd=0000000001251AAA SetForegroundWindow=1 prev_cap=0000000000000000
[17:03:21.225] menu_window::show EXIT result=-1 iters=313
[17:03:22.516] populate_shell_context: owner=00000000011B086C top=0000000001270328 rootowner=0000000001270328
[17:03:22.517] populate_shell_context: active_tab=00000000003517F8
[17:03:22.517]   tab-sb: AccObj objid=0xfffffff0 hr=0x80004005 sp=0000000000000000
[17:03:22.517]   tab-sb: AccObj objid=0x00000000 hr=0x00000000 sp=000000005FABE8F0
[17:03:22.517]   tab-sb: QueryService(SID_SShellBrowser) hr=0x80070057 psb=0000000000000000
[17:03:22.517]   tab-subtree SHELLDLL_DefView=00000000011B086C
[17:03:22.519]   tab-subtree: no IShellFolderViewDual reachable
[17:03:22.520] populate_shell_context: tab-subtree failed; falling back to legacy IShellBrowser path
[17:03:22.520]   uia-read: cabinet=0000000001270328 def_view=00000000011B086C
[17:03:22.521]   uia-read: CoCreateInstance hr=0x00000000 uia=00000000572D9FC0
[17:03:22.558]   uia-read: folder='C:\Users\azt12\OneDrive\Documents\Computing'
[17:03:22.561]   uia-read: selection-host elem=000000005F15AF60
[17:03:22.561]   uia-read: selection count=1
[17:03:22.562]     uia-read: sel[0] path='C:\Users\azt12\OneDrive\Documents\Computing\All Projects'
[17:03:22.562] infer_single_target: p='C:\Users\azt12\OneDrive\Documents\Computing\All Projects' attrs=0x00000431 gle=0
[17:03:22.562] populate_shell_context: UIA-read OK target=1 sel=1 folder=C:\Users\azt12\OneDrive\Documents\Computing
[17:03:22.562] build_menu_for_current_click: calling RegisterMenu
[17:03:22.562]   RegisterMenu returned, top-level items=18
[17:03:22.563] menu_window::show ENTER owner=00000000011B086C pos=(738,0) size=(260,712) children=18
[17:03:22.568] icon: decoded C:\Users\azt12\OneDrive\Documents\Computing\All Projects\Windows OS Work\Right-Click Menu API\WORKING\build\assets\icons\open_in_new_tab.png -> 56x56 hbm=0000000005053C62
[17:03:22.569] icon: decoded C:\Users\azt12\OneDrive\Documents\Computing\All Projects\Windows OS Work\Right-Click Menu API\WORKING\build\assets\icons\open_in_new_window.png -> 56x56 hbm=0000000061054196
[17:03:22.571] icon: decoded C:\Users\azt12\OneDrive\Documents\Computing\All Projects\Windows OS Work\Right-Click Menu API\WORKING\build\assets\icons\pin_to_quick_access.png -> 56x56 hbm=FFFFFFFFF10530C6
[17:03:22.572] icon: decoded C:\Users\azt12\OneDrive\Documents\Computing\All Projects\Windows OS Work\Right-Click Menu API\WORKING\build\assets\icons\compress.png -> 56x56 hbm=FFFFFFFF89053309
[17:03:22.576] D2D Flush hr=0x00000000 EndDraw hr=0x00000000
[17:03:22.583]   hwnd=0000000000231B72 SetForegroundWindow=1 prev_cap=0000000000000000
[17:03:22.606] D2D Flush hr=0x00000000 EndDraw hr=0x00000000
[17:03:24.227] menu_window::show EXIT result=-1 iters=334
[17:03:26.264] populate_shell_context: owner=00000000028C01A6 top=0000000001270328 rootowner=0000000001270328
[17:03:26.265] populate_shell_context: active_tab=0000000000381684
[17:03:26.265]   tab-sb: AccObj objid=0xfffffff0 hr=0x80004005 sp=0000000000000000
[17:03:26.265]   tab-sb: AccObj objid=0x00000000 hr=0x00000000 sp=000000005F8E3240
[17:03:26.266]   tab-sb: QueryService(SID_SShellBrowser) hr=0x80070057 psb=0000000000000000
[17:03:26.266]   tab-subtree SHELLDLL_DefView=00000000028C01A6
[17:03:26.267]   tab-subtree: no IShellFolderViewDual reachable
[17:03:26.267] populate_shell_context: tab-subtree failed; falling back to legacy IShellBrowser path
[17:03:26.267]   uia-read: cabinet=0000000001270328 def_view=00000000028C01A6
[17:03:26.268]   uia-read: CoCreateInstance hr=0x00000000 uia=000000005F8FFED0
[17:03:26.310]   uia-read: resolved known folder 'Downloads' -> 'C:\Users\azt12\Downloads'
[17:03:26.310]   uia-read: folder='C:\Users\azt12\Downloads'
[17:03:26.310]   uia-read: selection-host elem=000000005B6A7C50
[17:03:26.311]   uia-read: selection count=2
[17:03:26.311]     uia-read: sel[0] path='C:\Users\azt12\Downloads\Widget Launcher Installer (2).exe'
[17:03:26.311]     uia-read: sel[1] path='C:\Users\azt12\Downloads\windhawk_setup.exe'
[17:03:26.311] populate_shell_context: UIA-read OK target=5 sel=2 folder=C:\Users\azt12\Downloads
[17:03:26.311] build_menu_for_current_click: calling RegisterMenu
[17:03:26.311]   RegisterMenu returned, top-level items=8
[17:03:26.312] menu_window::show ENTER owner=00000000028C01A6 pos=(761,562) size=(260,288) children=8
[17:03:26.324]   hwnd=0000000000281B72 SetForegroundWindow=1 prev_cap=0000000000000000
[17:03:29.254] menu_window::show EXIT result=-1 iters=192
[17:03:32.329] populate_shell_context: owner=00000000028C01A6 top=0000000001270328 rootowner=0000000001270328
[17:03:32.329] populate_shell_context: active_tab=0000000000381684
[17:03:32.330]   tab-sb: AccObj objid=0xfffffff0 hr=0x80004005 sp=0000000000000000
[17:03:32.331]   tab-sb: AccObj objid=0x00000000 hr=0x00000000 sp=000000005F8E5130
[17:03:32.331]   tab-sb: QueryService(SID_SShellBrowser) hr=0x80070057 psb=0000000000000000
[17:03:32.331]   tab-subtree SHELLDLL_DefView=00000000028C01A6
[17:03:32.331]   tab-subtree: no IShellFolderViewDual reachable
[17:03:32.332] populate_shell_context: tab-subtree failed; falling back to legacy IShellBrowser path
[17:03:32.332]   uia-read: cabinet=0000000001270328 def_view=00000000028C01A6
[17:03:32.333]   uia-read: CoCreateInstance hr=0x00000000 uia=000000005F8FE050
[17:03:32.371]   uia-read: resolved known folder 'Downloads' -> 'C:\Users\azt12\Downloads'
[17:03:32.371]   uia-read: folder='C:\Users\azt12\Downloads'
[17:03:32.372]   uia-read: selection-host elem=000000005B6A7C50
[17:03:32.372]   uia-read: selection count=1
[17:03:32.372]     uia-read: sel[0] path='C:\Users\azt12\Downloads\Widget Launcher Installer (2).exe'
[17:03:32.372] infer_single_target: p='C:\Users\azt12\Downloads\Widget Launcher Installer (2).exe' attrs=0x00000020 gle=0
[17:03:32.372] populate_shell_context: UIA-read OK target=0 sel=1 folder=C:\Users\azt12\Downloads
[17:03:32.373] build_menu_for_current_click: calling RegisterMenu
[17:03:32.373]   RegisterMenu returned, top-level items=13
[17:03:32.373] menu_window::show ENTER owner=00000000028C01A6 pos=(803,560) size=(260,488) children=13
[17:03:32.388]   hwnd=00000000002E1B72 SetForegroundWindow=1 prev_cap=0000000000000000
[17:03:38.427] menu_window::show EXIT result=2 iters=567
[17:03:45.637] populate_shell_context: owner=00000000028C01A6 top=0000000001270328 rootowner=0000000001270328
[17:03:45.638] populate_shell_context: active_tab=0000000000381684
[17:03:45.638]   tab-sb: AccObj objid=0xfffffff0 hr=0x80004005 sp=0000000000000000
[17:03:45.638]   tab-sb: AccObj objid=0x00000000 hr=0x00000000 sp=000000005F8E4DC0
[17:03:45.638]   tab-sb: QueryService(SID_SShellBrowser) hr=0x80070057 psb=0000000000000000
[17:03:45.638]   tab-subtree SHELLDLL_DefView=00000000028C01A6
[17:03:45.638]   tab-subtree: no IShellFolderViewDual reachable
[17:03:45.639] populate_shell_context: tab-subtree failed; falling back to legacy IShellBrowser path
[17:03:45.639]   uia-read: cabinet=0000000001270328 def_view=00000000028C01A6
[17:03:45.640]   uia-read: CoCreateInstance hr=0x00000000 uia=000000005F8FFB00
[17:03:45.677]   uia-read: resolved known folder 'Downloads' -> 'C:\Users\azt12\Downloads'
[17:03:45.677]   uia-read: folder='C:\Users\azt12\Downloads'
[17:03:45.678]   uia-read: selection-host elem=000000005B6A6C00
[17:03:45.678]   uia-read: selection count=1
[17:03:45.678]     uia-read: sel[0] path='C:\Users\azt12\Downloads\Widget Launcher Installer (2).exe'
[17:03:45.678] infer_single_target: p='C:\Users\azt12\Downloads\Widget Launcher Installer (2).exe' attrs=0x00000020 gle=0
[17:03:45.679] populate_shell_context: UIA-read OK target=0 sel=1 folder=C:\Users\azt12\Downloads
[17:03:45.679] build_menu_for_current_click: calling RegisterMenu
[17:03:45.679]   RegisterMenu returned, top-level items=13
[17:03:45.679] menu_window::show ENTER owner=00000000028C01A6 pos=(871,538) size=(260,488) children=13
[17:03:45.696]   hwnd=000000000017175E SetForegroundWindow=1 prev_cap=0000000000000000
[17:03:54.668] menu_window::show EXIT result=-1 iters=480
[17:08:36.306] === DLL_PROCESS_ATTACH in PID 84224 ===
[17:08:36.306] load_consumer_dll: looking for C:\Users\azt12\OneDrive\Documents\Computing\All Projects\Windows OS Work\Right-Click Menu API\WORKING\build\menu.dll
[17:08:36.307]   RegisterMenu resolved at 00007FF84E4E1000
[17:08:36.307] install_iat_hooks: orig TrackPopupMenu=00007FF8902A7AE0 orig TrackPopupMenuEx=00007FF8902B37A0
[17:08:36.308] install_iat_hooks: walking 219 modules
[17:08:36.308]     import descriptor: dll=USER32.dll INT_rva=0x255208 IAT_rva=0x1f6d38
[17:08:36.308]     import descriptor: dll=USER32.dll INT_rva=0x255208 IAT_rva=0x1f6d38
[17:08:36.309]     import descriptor: dll=USER32.dll INT_rva=0x104408 IAT_rva=0xc30e8
[17:08:36.309]     import descriptor: dll=USER32.dll INT_rva=0x104408 IAT_rva=0xc30e8
[17:08:36.309]     import descriptor: dll=USER32.dll INT_rva=0x6f25b0 IAT_rva=0x6088c0
[17:08:36.309]     slot=00007FF88F878CC0 orig=00007FF85D00B9F0 new=00007FF860C64210 readback=00007FF860C64210 (TrackPopupMenu)
[17:08:36.310]   patched C:\Windows\System32\SHELL32.dll : TrackPopupMenu
[17:08:36.310]     import descriptor: dll=USER32.dll INT_rva=0x6f25b0 IAT_rva=0x6088c0
[17:08:36.310]     slot=00007FF88F878B60 orig=00007FF8902B37A0 new=00007FF860C64DC0 readback=00007FF860C64DC0 (TrackPopupMenuEx)
[17:08:36.310]   patched C:\Windows\System32\SHELL32.dll : TrackPopupMenuEx
[17:08:36.311]     import descriptor: dll=USER32.dll INT_rva=0x8cd58 IAT_rva=0x6a920
[17:08:36.311]     slot=00007FF85D05A958 orig=00007FF8902A7AE0 new=00007FF860C64210 readback=00007FF860C64210 (TrackPopupMenu)
[17:08:36.311]   patched C:\Windows\dxgi.dll : TrackPopupMenu
[17:08:36.311]     import descriptor: dll=USER32.dll INT_rva=0x8cd58 IAT_rva=0x6a920
[17:08:36.312]     slot=00007FF85D05A9D8 orig=00007FF8902B37A0 new=00007FF860C64DC0 readback=00007FF860C64DC0 (TrackPopupMenuEx)
[17:08:36.312]   patched C:\Windows\dxgi.dll : TrackPopupMenuEx
[17:08:36.312]     import descriptor: dll=USER32.dll INT_rva=0x98840 IAT_rva=0x70520
[17:08:36.313]     import descriptor: dll=USER32.dll INT_rva=0x98840 IAT_rva=0x70520
[17:08:36.313]     import descriptor: dll=USER32.dll INT_rva=0x1f060 IAT_rva=0x1a4b8
[17:08:36.313]     import descriptor: dll=USER32.dll INT_rva=0x1f060 IAT_rva=0x1a4b8
[17:08:36.313]     import descriptor: dll=USER32.dll INT_rva=0x105938 IAT_rva=0xe1738
[17:08:36.314]     import descriptor: dll=USER32.dll INT_rva=0x105938 IAT_rva=0xe1738
[17:08:36.314]     import descriptor: dll=USER32.dll INT_rva=0x2256f8 IAT_rva=0x204468
[17:08:36.314]     slot=00007FF870F849E0 orig=00007FF8902A7AE0 new=00007FF860C64210 readback=00007FF860C64210 (TrackPopupMenu)
[17:08:36.315]   patched C:\Windows\WinSxS\amd64_microsoft.windows.common-controls_6595b64144ccf1df_6.0.26100.8115_none_3e075c82e3354f9c\COMCTL32.dll : TrackPopupMenu
[17:08:36.315]     import descriptor: dll=USER32.dll INT_rva=0x2256f8 IAT_rva=0x204468
[17:08:36.315]     slot=00007FF870F844D8 orig=00007FF8902B37A0 new=00007FF860C64DC0 readback=00007FF860C64DC0 (TrackPopupMenuEx)
[17:08:36.315]   patched C:\Windows\WinSxS\amd64_microsoft.windows.common-controls_6595b64144ccf1df_6.0.26100.8115_none_3e075c82e3354f9c\COMCTL32.dll : TrackPopupMenuEx
[17:08:36.316]     import descriptor: dll=USER32.dll INT_rva=0x1af298 IAT_rva=0x17f210
[17:08:36.316]     import descriptor: dll=USER32.dll INT_rva=0x1af298 IAT_rva=0x17f210
[17:08:36.316]     import descriptor: dll=USER32.dll INT_rva=0x38958 IAT_rva=0x30318
[17:08:36.317]     import descriptor: dll=USER32.dll INT_rva=0x38958 IAT_rva=0x30318
[17:08:36.317]     import descriptor: dll=USER32.dll INT_rva=0x28d70 IAT_rva=0x29178
[17:08:36.317]     import descriptor: dll=USER32.dll INT_rva=0x28d70 IAT_rva=0x29178
[17:08:36.318]     import descriptor: dll=USER32.dll INT_rva=0x2378d0 IAT_rva=0x1bc360
[17:08:36.318]     import descriptor: dll=USER32.dll INT_rva=0x2378d0 IAT_rva=0x1bc360
[17:08:36.318]     slot=00007FF840D7C430 orig=00007FF8902B37A0 new=00007FF860C64DC0 readback=00007FF860C64DC0 (TrackPopupMenuEx)
[17:08:36.318]   patched C:\Windows\SYSTEM32\taskbar.dll : TrackPopupMenuEx
[17:08:36.319]     import descriptor: dll=USER32.dll INT_rva=0x2b0b90 IAT_rva=0x252960
[17:08:36.319]     slot=00007FF853B82EF8 orig=00007FF85D0014E0 new=00007FF860C64210 readback=00007FF860C64210 (TrackPopupMenu)
[17:08:36.319]   patched C:\Windows\SYSTEM32\ExplorerFrame.dll : TrackPopupMenu
[17:08:36.319]     import descriptor: dll=USER32.dll INT_rva=0x2b0b90 IAT_rva=0x252960
[17:08:36.319]     slot=00007FF853B82F30 orig=00007FF8902B37A0 new=00007FF860C64DC0 readback=00007FF860C64DC0 (TrackPopupMenuEx)
[17:08:36.319]   patched C:\Windows\SYSTEM32\ExplorerFrame.dll : TrackPopupMenuEx
[17:08:36.320]     import descriptor: dll=USER32.dll INT_rva=0x132b48 IAT_rva=0x102630
[17:08:36.320]     import descriptor: dll=USER32.dll INT_rva=0x132b48 IAT_rva=0x102630
[17:08:36.320]     import descriptor: dll=USER32.dll INT_rva=0x142280 IAT_rva=0x11c840
[17:08:36.320]     import descriptor: dll=USER32.dll INT_rva=0x142280 IAT_rva=0x11c840
[17:08:36.320]     import descriptor: dll=USER32.dll INT_rva=0xb2028 IAT_rva=0x99018
[17:08:36.321]     import descriptor: dll=USER32.dll INT_rva=0xb2028 IAT_rva=0x99018
[17:08:36.321]     import descriptor: dll=USER32.dll INT_rva=0x10fa98 IAT_rva=0xe97d8
[17:08:36.321]     import descriptor: dll=USER32.dll INT_rva=0x10fa98 IAT_rva=0xe97d8
[17:08:36.321]     import descriptor: dll=USER32.dll INT_rva=0x152e0 IAT_rva=0x11a10
[17:08:36.322]     import descriptor: dll=USER32.dll INT_rva=0x152e0 IAT_rva=0x11a10
[17:08:36.322]     import descriptor: dll=USER32.dll INT_rva=0x17dc68 IAT_rva=0x119160
[17:08:36.322]     import descriptor: dll=USER32.dll INT_rva=0x17dc68 IAT_rva=0x119160
[17:08:36.322]     import descriptor: dll=USER32.dll INT_rva=0x871c8 IAT_rva=0x79320
[17:08:36.322]     import descriptor: dll=USER32.dll INT_rva=0x871c8 IAT_rva=0x79320
[17:08:36.322]     import descriptor: dll=USER32.dll INT_rva=0x3590098 IAT_rva=0x14f9928
[17:08:36.323]     import descriptor: dll=USER32.dll INT_rva=0x3590098 IAT_rva=0x14f9928
[17:08:36.323]     import descriptor: dll=USER32.dll INT_rva=0x4db8 IAT_rva=0x41f0
[17:08:36.323]     import descriptor: dll=USER32.dll INT_rva=0x4db8 IAT_rva=0x41f0
[17:08:36.323]     import descriptor: dll=USER32.dll INT_rva=0xd1b0b8 IAT_rva=0x9e39a0
[17:08:36.324]     import descriptor: dll=USER32.dll INT_rva=0xd1b0b8 IAT_rva=0x9e39a0
[17:08:36.324]     slot=00007FF84A4B3B68 orig=00007FF8902B37A0 new=00007FF860C64DC0 readback=00007FF860C64DC0 (TrackPopupMenuEx)
[17:08:36.324]   patched C:\Windows\SystemApps\Microsoft.WindowsAppRuntime.CBS_8wekyb3d8bbwe\Microsoft.UI.Xaml.dll : TrackPopupMenuEx
[17:08:36.324]     import descriptor: dll=USER32.dll INT_rva=0x699a0 IAT_rva=0x53788
[17:08:36.324]     import descriptor: dll=USER32.dll INT_rva=0x699a0 IAT_rva=0x53788
[17:08:36.325]     import descriptor: dll=USER32.dll INT_rva=0x5e6820 IAT_rva=0x46a170
[17:08:36.325]     import descriptor: dll=USER32.dll INT_rva=0x5e6820 IAT_rva=0x46a170
[17:08:36.325]     import descriptor: dll=USER32.dll INT_rva=0x43ca0 IAT_rva=0x3a2b8
[17:08:36.325]     import descriptor: dll=USER32.dll INT_rva=0x43ca0 IAT_rva=0x3a2b8
[17:08:36.325]     import descriptor: dll=USER32.dll INT_rva=0x168588 IAT_rva=0x1443a0
[17:08:36.326]     import descriptor: dll=USER32.dll INT_rva=0x168588 IAT_rva=0x1443a0
[17:08:36.326]     import descriptor: dll=USER32.dll INT_rva=0x2643f8 IAT_rva=0x1b9c38
[17:08:36.326]     import descriptor: dll=USER32.dll INT_rva=0x2643f8 IAT_rva=0x1b9c38
[17:08:36.326]     import descriptor: dll=USER32.dll INT_rva=0x5e330 IAT_rva=0x4b4d8
[17:08:36.326]     import descriptor: dll=USER32.dll INT_rva=0x5e330 IAT_rva=0x4b4d8
[17:08:36.326]     import descriptor: dll=USER32.dll INT_rva=0x14ec58 IAT_rva=0xfdc88
[17:08:36.327]     import descriptor: dll=USER32.dll INT_rva=0x14ec58 IAT_rva=0xfdc88
[17:08:36.327]     import descriptor: dll=USER32.dll INT_rva=0x65840 IAT_rva=0x51260
[17:08:36.327]     import descriptor: dll=USER32.dll INT_rva=0x65840 IAT_rva=0x51260
[17:08:36.327]     import descriptor: dll=USER32.dll INT_rva=0x5648e0 IAT_rva=0x4977c8
[17:08:36.327]     import descriptor: dll=USER32.dll INT_rva=0x5648e0 IAT_rva=0x4977c8
[17:08:36.327]     import descriptor: dll=USER32.dll INT_rva=0x10be18 IAT_rva=0xccbd8
[17:08:36.328]     slot=00007FF83AE2CC40 orig=00007FF8902A7AE0 new=00007FF860C64210 readback=00007FF860C64210 (TrackPopupMenu)
[17:08:36.328]   patched C:\Program Files\Microsoft OneDrive\26.078.0426.0002\FileSyncShell64.dll : TrackPopupMenu
[17:08:36.328]     import descriptor: dll=USER32.dll INT_rva=0x10be18 IAT_rva=0xccbd8
[17:08:36.329]     import descriptor: dll=USER32.dll INT_rva=0x19be8 IAT_rva=0x15e60
[17:08:36.329]     import descriptor: dll=USER32.dll INT_rva=0x19be8 IAT_rva=0x15e60
[17:08:36.329]     import descriptor: dll=USER32.dll INT_rva=0x66370 IAT_rva=0x558b8
[17:08:36.329]     import descriptor: dll=USER32.dll INT_rva=0x66370 IAT_rva=0x558b8
[17:08:36.329]     import descriptor: dll=USER32.dll INT_rva=0x315c70 IAT_rva=0x2aa680
[17:08:36.330]     slot=00007FF81F39A8E0 orig=00007FF8902A7AE0 new=00007FF860C64210 readback=00007FF860C64210 (TrackPopupMenu)
[17:08:36.330]   patched C:\Windows\SystemApps\Microsoft.WindowsAppRuntime.CBS_8wekyb3d8bbwe\WinUIEdit.dll : TrackPopupMenu
[17:08:36.330]     import descriptor: dll=USER32.dll INT_rva=0x315c70 IAT_rva=0x2aa680
[17:08:36.330]     slot=00007FF81F39A8E8 orig=00007FF8902B37A0 new=00007FF860C64DC0 readback=00007FF860C64DC0 (TrackPopupMenuEx)
[17:08:36.330]   patched C:\Windows\SystemApps\Microsoft.WindowsAppRuntime.CBS_8wekyb3d8bbwe\WinUIEdit.dll : TrackPopupMenuEx
[17:08:36.331]     import descriptor: dll=USER32.dll INT_rva=0x29d68 IAT_rva=0x214d8
[17:08:36.331]     import descriptor: dll=USER32.dll INT_rva=0x29d68 IAT_rva=0x214d8
[17:08:36.331]     import descriptor: dll=USER32.dll INT_rva=0x88db8 IAT_rva=0x79910
[17:08:36.331]     slot=00007FF8431599D8 orig=00007FF8902A7AE0 new=00007FF860C64210 readback=00007FF860C64210 (TrackPopupMenu)
[17:08:36.331]   patched C:\Windows\system32\zipfldr.dll : TrackPopupMenu
[17:08:36.331]     import descriptor: dll=USER32.dll INT_rva=0x88db8 IAT_rva=0x79910
[17:08:36.331]     import descriptor: dll=USER32.dll INT_rva=0x7f788 IAT_rva=0x67500
[17:08:36.332]     import descriptor: dll=USER32.dll INT_rva=0x7f788 IAT_rva=0x67500
[17:08:36.332]     import descriptor: dll=USER32.dll INT_rva=0xbe970 IAT_rva=0x96628
[17:08:36.332]     import descriptor: dll=USER32.dll INT_rva=0xbe970 IAT_rva=0x96628
[17:08:36.333]     import descriptor: dll=USER32.dll INT_rva=0xf0a78 IAT_rva=0xa94e0
[17:08:36.333]     import descriptor: dll=USER32.dll INT_rva=0xf0a78 IAT_rva=0xa94e0
[17:08:36.333]     import descriptor: dll=USER32.dll INT_rva=0xb7130 IAT_rva=0x90580
[17:08:36.333]     import descriptor: dll=USER32.dll INT_rva=0xb7130 IAT_rva=0x90580
[17:08:36.333]     import descriptor: dll=USER32.dll INT_rva=0x208f0 IAT_rva=0x19be8
[17:08:36.333]     import descriptor: dll=USER32.dll INT_rva=0x208f0 IAT_rva=0x19be8
[17:08:36.334]     import descriptor: dll=USER32.dll INT_rva=0x4edd8 IAT_rva=0x3b3a0
[17:08:36.334]     import descriptor: dll=USER32.dll INT_rva=0x4edd8 IAT_rva=0x3b3a0
[17:08:36.334]     import descriptor: dll=USER32.dll INT_rva=0x44300 IAT_rva=0x32338
[17:08:36.334]     import descriptor: dll=USER32.dll INT_rva=0x44300 IAT_rva=0x32338
[17:08:36.334] install_iat_hooks: 14 IAT hooks installed
[17:08:36.335] inline_patch: patched 00007FF8902B37A0, saved=[ff 25 4a 8f ...] new detour=00007FF860C64DC0
[17:08:36.335] inline_patch: patched 00007FF8902A7AE0, saved=[48 83 ec 38 ...] new detour=00007FF860C64210
[17:08:36.335]     import descriptor: dll=KERNEL32.dll INT_rva=0x254f98 IAT_rva=0x1f6ac8
[17:08:36.335]     import descriptor: dll=KERNEL32.dll INT_rva=0xa3cc8 IAT_rva=0x81b68
[17:08:36.335]     slot=00007FF88EDE1BC0 orig=00007FF88EE5C610 new=00007FF860C65ED0 readback=00007FF860C65ED0 (LoadLibraryExW)
[17:08:36.336]     import descriptor: dll=KERNEL32.dll INT_rva=0x8c678 IAT_rva=0x6a240
[17:08:36.336]     slot=00007FF85D05A278 orig=00007FF88EE5C610 new=00007FF860C65ED0 readback=00007FF860C65ED0 (LoadLibraryExW)
[17:08:36.336]     import descriptor: dll=KERNEL32.dll INT_rva=0x105890 IAT_rva=0xe1690
[17:08:36.337]     import descriptor: dll=KERNEL32.dll INT_rva=0x2256b0 IAT_rva=0x204420
[17:08:36.337]     import descriptor: dll=KERNEL32.dll INT_rva=0x38630 IAT_rva=0x2fff0
[17:08:36.337]     import descriptor: dll=KERNEL32.dll INT_rva=0x6190 IAT_rva=0x5150
[17:08:36.337]     import descriptor: dll=KERNEL32.dll INT_rva=0xe4098 IAT_rva=0x53078
[17:08:36.337]     slot=00007FF8327C3178 orig=00007FF88EE5C610 new=00007FF860C65ED0 readback=00007FF860C65ED0 (LoadLibraryExW)
[17:08:36.337]     import descriptor: dll=KERNEL32.dll INT_rva=0x28db8 IAT_rva=0x291c0
[17:08:36.337]     slot=00007FF873DE9240 orig=00007FF88EE5C610 new=00007FF860C65ED0 readback=00007FF860C65ED0 (LoadLibraryExW)
[17:08:36.337]     import descriptor: dll=KERNEL32.dll INT_rva=0xd0b0 IAT_rva=0xd210
[17:08:36.337]     import descriptor: dll=KERNEL32.dll INT_rva=0x11edf8 IAT_rva=0x11f380
[17:08:36.337]     import descriptor: dll=KERNEL32.dll INT_rva=0x237650 IAT_rva=0x1bc0e0
[17:08:36.338]     import descriptor: dll=KERNEL32.dll INT_rva=0x2b01b8 IAT_rva=0x251f88
[17:08:36.338]     import descriptor: dll=KERNEL32.dll INT_rva=0x172ee0 IAT_rva=0x133010
[17:08:36.338]     import descriptor: dll=KERNEL32.dll INT_rva=0x9b678 IAT_rva=0x7dee8
[17:08:36.338]     import descriptor: dll=KERNEL32.dll INT_rva=0x7ead8 IAT_rva=0x5d248
[17:08:36.338]     import descriptor: dll=KERNEL32.dll INT_rva=0x523ec8 IAT_rva=0x3d3000
[17:08:36.338]     import descriptor: dll=KERNEL32.dll INT_rva=0xb2010 IAT_rva=0x99000
[17:08:36.338]     import descriptor: dll=KERNEL32.dll INT_rva=0x95650 IAT_rva=0x7c588
[17:08:36.339]     import descriptor: dll=KERNEL32.dll INT_rva=0xe1d50 IAT_rva=0xb4f38
[17:08:36.339]     slot=00007FF8616950A8 orig=00007FF88EE5C610 new=00007FF860C65ED0 readback=00007FF860C65ED0 (LoadLibraryExW)
[17:08:36.339]     import descriptor: dll=KERNEL32.dll INT_rva=0x491b3a8 IAT_rva=0x3b75050
[17:08:36.339]     slot=00007FF87CD35208 orig=00007FF88EE5C610 new=00007FF860C65ED0 readback=00007FF860C65ED0 (LoadLibraryExW)
[17:08:36.339]     import descriptor: dll=KERNEL32.dll INT_rva=0x10f300 IAT_rva=0xe9040
[17:08:36.339]     slot=00007FF8860694F0 orig=00007FF88EE5C610 new=00007FF860C65ED0 readback=00007FF860C65ED0 (LoadLibraryExW)
[17:08:36.340]     import descriptor: dll=KERNEL32.dll INT_rva=0x15148 IAT_rva=0x11878
[17:08:36.340]     import descriptor: dll=KERNEL32.dll INT_rva=0x358f8b0 IAT_rva=0x14f9140
[17:08:36.340]     slot=00007FF8297E9200 orig=00007FF88EE5C610 new=00007FF860C65ED0 readback=00007FF860C65ED0 (LoadLibraryExW)
[17:08:36.340]     import descriptor: dll=KERNEL32.dll INT_rva=0x4d18 IAT_rva=0x4150
[17:08:36.340]     import descriptor: dll=KERNEL32.dll INT_rva=0x95f28 IAT_rva=0x7fb20
[17:08:36.340]     import descriptor: dll=KERNEL32.dll INT_rva=0xd1a878 IAT_rva=0x9e3160
[17:08:36.342]     slot=00007FF84A4B33A0 orig=00007FF88EE5C610 new=00007FF860C65ED0 readback=00007FF860C65ED0 (LoadLibraryExW)
[17:08:36.342]     import descriptor: dll=KERNEL32.dll INT_rva=0x5d20 IAT_rva=0x4000
[17:08:36.342]     slot=00007FF8866840D0 orig=00007FF88EE5C610 new=00007FF860C65ED0 readback=00007FF860C65ED0 (LoadLibraryExW)
[17:08:36.342]     import descriptor: dll=KERNEL32.dll INT_rva=0x5e66b0 IAT_rva=0x46a000
[17:08:36.342]     import descriptor: dll=KERNEL32.dll INT_rva=0x21f48 IAT_rva=0x18000
[17:08:36.342]     slot=00007FF8708E8008 orig=00007FF88EE5C610 new=00007FF860C65ED0 readback=00007FF860C65ED0 (LoadLibraryExW)
[17:08:36.342]     import descriptor: dll=KERNEL32.dll INT_rva=0x43a18 IAT_rva=0x3a030
[17:08:36.342]     slot=00007FF87048A1E0 orig=00007FF88EE5C610 new=00007FF860C65ED0 readback=00007FF860C65ED0 (LoadLibraryExW)
[17:08:36.342]     import descriptor: dll=KERNEL32.dll INT_rva=0x168230 IAT_rva=0x144048
[17:08:36.342]     import descriptor: dll=KERNEL32.dll INT_rva=0x2642f0 IAT_rva=0x1b9b30
[17:08:36.342]     import descriptor: dll=KERNEL32.dll INT_rva=0x9aa0 IAT_rva=0x8180
[17:08:36.343]     import descriptor: dll=KERNEL32.dll INT_rva=0x5e0e0 IAT_rva=0x4b288
[17:08:36.343]     slot=00007FF856DFB330 orig=00007FF88EE5C610 new=00007FF860C65ED0 readback=00007FF860C65ED0 (LoadLibraryExW)
[17:08:36.343]     import descriptor: dll=KERNEL32.dll INT_rva=0x14ea98 IAT_rva=0xfdac8
[17:08:36.343]     import descriptor: dll=KERNEL32.dll INT_rva=0x5641a8 IAT_rva=0x497090
[17:08:36.343]     import descriptor: dll=KERNEL32.dll INT_rva=0x10b4d8 IAT_rva=0xcc298
[17:08:36.344]     slot=00007FF83AE2C350 orig=00007FF88EE5C610 new=00007FF860C65ED0 readback=00007FF860C65ED0 (LoadLibraryExW)
[17:08:36.344]     import descriptor: dll=KERNEL32.dll INT_rva=0x198f0 IAT_rva=0x15b68
[17:08:36.344]     slot=00007FF8645A5C08 orig=00007FF88EE5C610 new=00007FF860C65ED0 readback=00007FF860C65ED0 (LoadLibraryExW)
[17:08:36.345]     import descriptor: dll=KERNEL32.dll INT_rva=0x1229f0 IAT_rva=0xefde0
[17:08:36.345]     import descriptor: dll=KERNEL32.dll INT_rva=0x3158b0 IAT_rva=0x2aa2c0
[17:08:36.345]     slot=00007FF81F39A2C8 orig=00007FF88EE5C610 new=00007FF860C65ED0 readback=00007FF860C65ED0 (LoadLibraryExW)
[17:08:36.345]     import descriptor: dll=KERNEL32.dll INT_rva=0x627f8 IAT_rva=0x4bc40
[17:08:36.345]     slot=00007FF8489ABE50 orig=00007FF88EE5C610 new=00007FF860C65ED0 readback=00007FF860C65ED0 (LoadLibraryExW)
[17:08:36.346]     import descriptor: dll=KERNEL32.dll INT_rva=0x88898 IAT_rva=0x793f0
[17:08:36.346]     import descriptor: dll=KERNEL32.dll INT_rva=0x7f368 IAT_rva=0x670e0
[17:08:36.346]     slot=00007FF840B672F0 orig=00007FF88EE5C610 new=00007FF860C65ED0 readback=00007FF860C65ED0 (LoadLibraryExW)
[17:08:36.346]     import descriptor: dll=KERNEL32.dll INT_rva=0x67858 IAT_rva=0x4c0d8
[17:08:36.346]     slot=00007FF81E02C3A0 orig=00007FF88EE5C610 new=00007FF860C65ED0 readback=00007FF860C65ED0 (LoadLibraryExW)
[17:08:36.346]     import descriptor: dll=KERNEL32.dll INT_rva=0xbe410 IAT_rva=0x960c8
[17:08:36.346]     slot=00007FF83E8261B0 orig=00007FF88EE5C610 new=00007FF860C65ED0 readback=00007FF860C65ED0 (LoadLibraryExW)
[17:08:36.348]     import descriptor: dll=KERNEL32.dll INT_rva=0xf0618 IAT_rva=0xa9080
[17:08:36.348]     slot=00007FF8370B94A8 orig=00007FF88EE5C610 new=00007FF860C65ED0 readback=00007FF860C65ED0 (LoadLibraryExW)
[17:08:36.348]     import descriptor: dll=KERNEL32.dll INT_rva=0xb6c60 IAT_rva=0x900b0
[17:08:36.348]     slot=00007FF80F3D0490 orig=00007FF88EE5C610 new=00007FF860C65ED0 readback=00007FF860C65ED0 (LoadLibraryExW)
[17:08:36.348]     import descriptor: dll=KERNEL32.dll INT_rva=0x20610 IAT_rva=0x19908
[17:08:36.349]     slot=00007FF8850C9B20 orig=00007FF88EE5C610 new=00007FF860C65ED0 readback=00007FF860C65ED0 (LoadLibraryExW)
[17:08:36.349]     import descriptor: dll=KERNEL32.dll INT_rva=0x4eac8 IAT_rva=0x3b090
[17:08:36.349]     slot=00007FF860C8B100 orig=00007FF88EE5C610 new=00007FF860C65ED0 readback=00007FF860C65ED0 (LoadLibraryExW)
[17:08:36.349]     import descriptor: dll=KERNEL32.dll INT_rva=0x43fe8 IAT_rva=0x32020
[17:08:36.349]     slot=00007FF84E512080 orig=00007FF88EE5C610 new=00007FF860C65ED0 readback=00007FF860C65ED0 (LoadLibraryExW)
[17:08:36.349] install_loadlibrary_hook: 25 IAT hooks on LoadLibraryExW
[17:08:36.349]     import descriptor: dll=ole32.dll INT_rva=0x8d530 IAT_rva=0x6b0f8
[17:08:36.350]     slot=00007FF85D05B120 orig=00007FF88FC365F0 new=00007FF860C679A0 readback=00007FF860C679A0 (CoCreateInstance)
[17:08:36.350]     import descriptor: dll=ole32.dll INT_rva=0x38b70 IAT_rva=0x30530
[17:08:36.350]     slot=00007FF8891D0540 orig=00007FF88FC365F0 new=00007FF860C679A0 readback=00007FF860C679A0 (CoCreateInstance)
[17:08:36.351]     import descriptor: dll=ole32.dll INT_rva=0x28ab8 IAT_rva=0x28ec0
[17:08:36.351]     import descriptor: dll=ole32.dll INT_rva=0x491b960 IAT_rva=0x3b75608
[17:08:36.351]     import descriptor: dll=ole32.dll INT_rva=0x15650 IAT_rva=0x11d80
[17:08:36.351]     import descriptor: dll=ole32.dll INT_rva=0x3590290 IAT_rva=0x14f9b20
[17:08:36.353]     import descriptor: dll=ole32.dll INT_rva=0xd1b7d0 IAT_rva=0x9e40b8
[17:08:36.353]     slot=00007FF84A4B4118 orig=00007FF88FC365F0 new=00007FF860C679A0 readback=00007FF860C679A0 (CoCreateInstance)
[17:08:36.353]     import descriptor: dll=ole32.dll INT_rva=0x222f8 IAT_rva=0x183b0
[17:08:36.353]     slot=00007FF8708E83B8 orig=00007FF88FC365F0 new=00007FF860C679A0 readback=00007FF860C679A0 (CoCreateInstance)
[17:08:36.353]     import descriptor: dll=ole32.dll INT_rva=0x43de8 IAT_rva=0x3a400
[17:08:36.353]     import descriptor: dll=ole32.dll INT_rva=0x564c18 IAT_rva=0x497b00
[17:08:36.353]     slot=00007FFFF1EB7B50 orig=00007FF88FC365F0 new=00007FF860C679A0 readback=00007FF860C679A0 (CoCreateInstance)
[17:08:36.353]     import descriptor: dll=ole32.dll INT_rva=0x10c108 IAT_rva=0xccec8
[17:08:36.353]     slot=00007FF83AE2CF50 orig=00007FF88FC365F0 new=00007FF860C679A0 readback=00007FF860C679A0 (CoCreateInstance)
[17:08:36.353]     import descriptor: dll=ole32.dll INT_rva=0x19d10 IAT_rva=0x15f88
[17:08:36.353]     slot=00007FF8645A5FB0 orig=00007FF88FC365F0 new=00007FF860C679A0 readback=00007FF860C679A0 (CoCreateInstance)
[17:08:36.355]     import descriptor: dll=ole32.dll INT_rva=0x316208 IAT_rva=0x2aac18
[17:08:36.355]     slot=00007FF81F39AC18 orig=00007FF88FC365F0 new=00007FF860C679A0 readback=00007FF860C679A0 (CoCreateInstance)
[17:08:36.355]     import descriptor: dll=ole32.dll INT_rva=0x899d0 IAT_rva=0x7a528
[17:08:36.355]     import descriptor: dll=ole32.dll INT_rva=0x7f8f0 IAT_rva=0x67668
[17:08:36.355]     slot=00007FF840B67680 orig=00007FF88FC365F0 new=00007FF860C679A0 readback=00007FF860C679A0 (CoCreateInstance)
[17:08:36.355]     import descriptor: dll=ole32.dll INT_rva=0x67cf8 IAT_rva=0x4c578
[17:08:36.355]     slot=00007FF81E02C588 orig=00007FF88FC365F0 new=00007FF860C679A0 readback=00007FF860C679A0 (CoCreateInstance)
[17:08:36.355]     import descriptor: dll=ole32.dll INT_rva=0xbe9f0 IAT_rva=0x966a8
[17:08:36.355]     slot=00007FF83E8266A8 orig=00007FF88FC365F0 new=00007FF860C679A0 readback=00007FF860C679A0 (CoCreateInstance)
[17:08:36.355]     import descriptor: dll=ole32.dll INT_rva=0xb71a0 IAT_rva=0x905f0
[17:08:36.355]     import descriptor: dll=ole32.dll INT_rva=0x20ae0 IAT_rva=0x19dd8
[17:08:36.355]     slot=00007FF8850C9E08 orig=00007FF88FC365F0 new=00007FF860C679A0 readback=00007FF860C679A0 (CoCreateInstance)
[17:08:36.357]     import descriptor: dll=ole32.dll INT_rva=0x4f020 IAT_rva=0x3b5e8
[17:08:36.357]     slot=00007FF860C8B600 orig=00007FF88FC365F0 new=00007FF860C679A0 readback=00007FF860C679A0 (CoCreateInstance)
[17:08:36.357]     import descriptor: dll=ole32.dll INT_rva=0x44398 IAT_rva=0x323d0
[17:08:36.357]     slot=00007FF84E5123E0 orig=00007FF88FC365F0 new=00007FF860C679A0 readback=00007FF860C679A0 (CoCreateInstance)
[17:08:36.357] install_cocreateinstance_hook: 14 IAT hooks via ole32.dll
[17:08:36.358]     import descriptor: dll=combase.dll INT_rva=0x256788 IAT_rva=0x1f82b8
[17:08:36.358]     import descriptor: dll=combase.dll INT_rva=0xc54c0 IAT_rva=0xae698
[17:08:36.358]     import descriptor: dll=combase.dll INT_rva=0x7e2c08 IAT_rva=0x6d0158
[17:08:36.358]     import descriptor: dll=combase.dll INT_rva=0x147330 IAT_rva=0x114688
[17:08:36.358]     import descriptor: dll=combase.dll INT_rva=0x21cca0 IAT_rva=0x1ca9d0
[17:08:36.358]     import descriptor: dll=combase.dll INT_rva=0x106630 IAT_rva=0xe2430
[17:08:36.358]     import descriptor: dll=combase.dll INT_rva=0x238ee8 IAT_rva=0x1bd978
[17:08:36.359]     import descriptor: dll=combase.dll INT_rva=0x1cf18 IAT_rva=0x18788
[17:08:36.359]     import descriptor: dll=combase.dll INT_rva=0x8b8648 IAT_rva=0x75ed28
[17:08:36.359]     import descriptor: dll=combase.dll INT_rva=0xfb20f0 IAT_rva=0xe7f258
[17:08:36.359]     import descriptor: dll=combase.dll INT_rva=0x5cbed0 IAT_rva=0x4194e8
[17:08:36.360]     import descriptor: dll=combase.dll INT_rva=0x13bd10 IAT_rva=0x10b4a0
[17:08:36.360]     import descriptor: dll=combase.dll INT_rva=0x1338a0 IAT_rva=0x103388
[17:08:36.360]     import descriptor: dll=combase.dll INT_rva=0x5c8198 IAT_rva=0x4de7e8
[17:08:36.360]     import descriptor: dll=combase.dll INT_rva=0x1b8b88 IAT_rva=0x1790c8
[17:08:36.360]     import descriptor: dll=combase.dll INT_rva=0x2d9bd8 IAT_rva=0x249698
[17:08:36.360]     import descriptor: dll=combase.dll INT_rva=0x15cc38 IAT_rva=0x125e50
[17:08:36.361]     import descriptor: dll=combase.dll INT_rva=0xc3c80 IAT_rva=0xa4930
[17:08:36.361]     import descriptor: dll=combase.dll INT_rva=0x16aa48 IAT_rva=0x1342f8
[17:08:36.361]     import descriptor: dll=combase.dll INT_rva=0x108dc0 IAT_rva=0xcbea8
[17:08:36.361]     import descriptor: dll=combase.dll INT_rva=0x124cc8 IAT_rva=0xf6e50
[17:08:36.361]     import descriptor: dll=combase.dll INT_rva=0x4e5570 IAT_rva=0x41b1d8
[17:08:36.361] install_cocreateinstance_hook: 0 IAT hooks via combase.dll
[17:08:36.634] populate_shell_context: owner=0000000000231896 top=0000000006FE0D9E rootowner=0000000006FE0D9E
[17:08:36.634] populate_shell_context: active_tab=00000000003B1B78
[17:08:36.634] === diagnostic dump for active_tab=00000000003B1B78 ===
[17:08:36.634]   cabinet=0000000006FE0D9E
[17:08:36.634]   --- descendants of active_tab ---
[17:08:36.634]     dump hwnd=0000000001570DFA class='DUIViewWndClassName' rect=(445,498 1236x522)
[17:08:36.634]       probe hwnd=0000000001570DFA class='DUIViewWndClassName' AccObj(OBJID_WINDOW) hr=0x00000000 sp=000000005B87B810
[17:08:36.635]         QS SID_SShellBrowser hr=0x80070057 psb=NULL
[17:08:36.635]         QS SID_STopLevelBrowser hr=0x80070057 psb=NULL
[17:08:36.635]         QS SID_SInPlaceBrowser hr=0x80070057 psb=NULL
[17:08:36.635]       probe hwnd=0000000001570DFA AccObj(OBJID_NATIVEOM, IDispatch) hr=0x80004005 disp=0000000000000000
[17:08:36.636]     dump hwnd=00000000006003EE class='DirectUIHWND' rect=(445,498 1236x522)
[17:08:36.636]       probe hwnd=00000000006003EE class='DirectUIHWND' AccObj(OBJID_WINDOW) hr=0x00000000 sp=000000005B87B810
[17:08:36.636]         QS SID_SShellBrowser hr=0x80070057 psb=NULL
[17:08:36.636]         QS SID_STopLevelBrowser hr=0x80070057 psb=NULL
[17:08:36.636]         QS SID_SInPlaceBrowser hr=0x80070057 psb=NULL
[17:08:36.636]       probe hwnd=00000000006003EE AccObj(OBJID_NATIVEOM, IDispatch) hr=0x80004005 disp=0000000000000000
[17:08:36.636]     dump hwnd=0000000002E70E70 class='CtrlNotifySink' rect=(448,498 192x491)
[17:08:36.636]     dump hwnd=0000000007E10E86 class='NamespaceTreeControl' rect=(448,498 192x491)
[17:08:36.638]       probe hwnd=0000000007E10E86 class='NamespaceTreeControl' AccObj(OBJID_WINDOW) hr=0x00000000 sp=000000005B87BCE0
[17:08:36.638]         QS SID_SShellBrowser hr=0x80070057 psb=NULL
[17:08:36.638]         QS SID_STopLevelBrowser hr=0x80070057 psb=NULL
[17:08:36.639]         QS SID_SInPlaceBrowser hr=0x80070057 psb=NULL
[17:08:36.639]       probe hwnd=0000000007E10E86 AccObj(OBJID_NATIVEOM, IDispatch) hr=0x80004005 disp=0000000000000000
[17:08:36.639]     dump hwnd=0000000001F80EAA class='Static' rect=(448,498 0x0)
[17:08:36.639]     dump hwnd=0000000001610EEA class='SysTreeView32' rect=(448,498 192x491)
[17:08:36.639]     dump hwnd=0000000002200F42 class='CtrlNotifySink' rect=(660,513 0x0)
[17:08:36.639]     dump hwnd=0000000001D20F6E class='Button' rect=(660,513 0x0)
[17:08:36.639]     dump hwnd=0000000002090F70 class='CtrlNotifySink' rect=(660,513 0x0)
[17:08:36.640]     dump hwnd=0000000000ED0F92 class='Button' rect=(660,513 0x0)
[17:08:36.640]     dump hwnd=0000000000B50FD4 class='CtrlNotifySink' rect=(1142,498 0x0)
[17:08:36.640]     dump hwnd=0000000000BA100C class='Shell Preview Extension Host' rect=(1142,498 0x0)
[17:08:36.640]     dump hwnd=00000000007E1124 class='CtrlNotifySink' rect=(645,498 493x491)
[17:08:36.640]     dump hwnd=0000000000231896 class='SHELLDLL_DefView' rect=(645,498 493x491)
[17:08:36.640]       probe hwnd=0000000000231896 class='SHELLDLL_DefView' AccObj(OBJID_WINDOW) hr=0x00000000 sp=000000005B87BB80
[17:08:36.641]         QS SID_SShellBrowser hr=0x80070057 psb=NULL
[17:08:36.641]         QS SID_STopLevelBrowser hr=0x80070057 psb=NULL
[17:08:36.642]         QS SID_SInPlaceBrowser hr=0x80070057 psb=NULL
[17:08:36.642]       probe hwnd=0000000000231896 AccObj(OBJID_NATIVEOM, IDispatch) hr=0x80004005 disp=0000000000000000
[17:08:36.642]     dump hwnd=00000000033E0F58 class='DirectUIHWND' rect=(645,498 493x491)
[17:08:36.642]       probe hwnd=00000000033E0F58 class='DirectUIHWND' AccObj(OBJID_WINDOW) hr=0x00000000 sp=000000005B87BAD0
[17:08:36.642]         QS SID_SShellBrowser hr=0x80070057 psb=NULL
[17:08:36.643]         QS SID_STopLevelBrowser hr=0x80070057 psb=NULL
[17:08:36.643]         QS SID_SInPlaceBrowser hr=0x80070057 psb=NULL
[17:08:36.643]       probe hwnd=00000000033E0F58 AccObj(OBJID_NATIVEOM, IDispatch) hr=0x80004005 disp=0000000000000000
[17:08:36.643]     dump hwnd=000000000AC20224 class='CtrlNotifySink' rect=(645,968 493x21)
[17:08:36.643]     dump hwnd=000000000AAE0D84 class='ScrollBar' rect=(645,968 493x21)
[17:08:36.643]     dump hwnd=00000000072F0D2C class='CtrlNotifySink' rect=(645,498 0x0)
[17:08:36.644]     dump hwnd=0000000000CE0D82 class='ScrollBar' rect=(645,498 0x0)
[17:08:36.644]     dump hwnd=0000000001160344 class='msctls_statusbar32' rect=(445,469 0x29)
[17:08:36.644]   --- descendants of cabinet ---
[17:08:36.644]     dump hwnd=00000000038D1284 class='TITLE_BAR_SCAFFOLDING_WINDOW_CLASS' rect=(806,328 875x43)
[17:08:36.644]     dump hwnd=00000000000A1466 class='InputNonClientPointerSource' rect=(445,328 0x0)
[17:08:36.644]     dump hwnd=00000000003B1B78 class='ShellTabWindowClass' rect=(445,498 1236x522)
[17:08:36.645]     dump hwnd=0000000001570DFA class='DUIViewWndClassName' rect=(445,498 1236x522)
[17:08:36.645]       probe hwnd=0000000001570DFA class='DUIViewWndClassName' AccObj(OBJID_WINDOW) hr=0x00000000 sp=000000005B87B8C0
[17:08:36.645]         QS SID_SShellBrowser hr=0x80070057 psb=NULL
[17:08:36.645]         QS SID_STopLevelBrowser hr=0x80070057 psb=NULL
[17:08:36.645]         QS SID_SInPlaceBrowser hr=0x80070057 psb=NULL
[17:08:36.645]       probe hwnd=0000000001570DFA AccObj(OBJID_NATIVEOM, IDispatch) hr=0x80004005 disp=0000000000000000
[17:08:36.645]     dump hwnd=00000000006003EE class='DirectUIHWND' rect=(445,498 1236x522)
[17:08:36.646]       probe hwnd=00000000006003EE class='DirectUIHWND' AccObj(OBJID_WINDOW) hr=0x00000000 sp=000000005B87B810
[17:08:36.646]         QS SID_SShellBrowser hr=0x80070057 psb=NULL
[17:08:36.646]         QS SID_STopLevelBrowser hr=0x80070057 psb=NULL
[17:08:36.646]         QS SID_SInPlaceBrowser hr=0x80070057 psb=NULL
[17:08:36.646]       probe hwnd=00000000006003EE AccObj(OBJID_NATIVEOM, IDispatch) hr=0x80004005 disp=0000000000000000
[17:08:36.646]     dump hwnd=0000000002E70E70 class='CtrlNotifySink' rect=(448,498 192x491)
[17:08:36.647]     dump hwnd=0000000007E10E86 class='NamespaceTreeControl' rect=(448,498 192x491)
[17:08:36.647]       probe hwnd=0000000007E10E86 class='NamespaceTreeControl' AccObj(OBJID_WINDOW) hr=0x00000000 sp=000000005B87B130
[17:08:36.647]         QS SID_SShellBrowser hr=0x80070057 psb=NULL
[17:08:36.647]         QS SID_STopLevelBrowser hr=0x80070057 psb=NULL
[17:08:36.648]         QS SID_SInPlaceBrowser hr=0x80070057 psb=NULL
[17:08:36.648]       probe hwnd=0000000007E10E86 AccObj(OBJID_NATIVEOM, IDispatch) hr=0x80004005 disp=0000000000000000
[17:08:36.648]     dump hwnd=0000000001F80EAA class='Static' rect=(448,498 0x0)
[17:08:36.649]     dump hwnd=0000000001610EEA class='SysTreeView32' rect=(448,498 192x491)
[17:08:36.649]     dump hwnd=0000000002200F42 class='CtrlNotifySink' rect=(660,513 0x0)
[17:08:36.649]     dump hwnd=0000000001D20F6E class='Button' rect=(660,513 0x0)
[17:08:36.649]     dump hwnd=0000000002090F70 class='CtrlNotifySink' rect=(660,513 0x0)
[17:08:36.649]     dump hwnd=0000000000ED0F92 class='Button' rect=(660,513 0x0)
[17:08:36.649]     dump hwnd=0000000000B50FD4 class='CtrlNotifySink' rect=(1142,498 0x0)
[17:08:36.650]     dump hwnd=0000000000BA100C class='Shell Preview Extension Host' rect=(1142,498 0x0)
[17:08:36.650]     dump hwnd=00000000007E1124 class='CtrlNotifySink' rect=(645,498 493x491)
[17:08:36.650]     dump hwnd=0000000000231896 class='SHELLDLL_DefView' rect=(645,498 493x491)
[17:08:36.650]       probe hwnd=0000000000231896 class='SHELLDLL_DefView' AccObj(OBJID_WINDOW) hr=0x00000000 sp=000000005B87BAD0
[17:08:36.651]         QS SID_SShellBrowser hr=0x80070057 psb=NULL
[17:08:36.651]         QS SID_STopLevelBrowser hr=0x80070057 psb=NULL
[17:08:36.651]         QS SID_SInPlaceBrowser hr=0x80070057 psb=NULL
[17:08:36.651]       probe hwnd=0000000000231896 AccObj(OBJID_NATIVEOM, IDispatch) hr=0x80004005 disp=0000000000000000
[17:08:36.651]     dump hwnd=00000000033E0F58 class='DirectUIHWND' rect=(645,498 493x491)
[17:08:36.652]       probe hwnd=00000000033E0F58 class='DirectUIHWND' AccObj(OBJID_WINDOW) hr=0x00000000 sp=000000005B87B3F0
[17:08:36.652]         QS SID_SShellBrowser hr=0x80070057 psb=NULL
[17:08:36.652]         QS SID_STopLevelBrowser hr=0x80070057 psb=NULL
[17:08:36.652]         QS SID_SInPlaceBrowser hr=0x80070057 psb=NULL
[17:08:36.653]       probe hwnd=00000000033E0F58 AccObj(OBJID_NATIVEOM, IDispatch) hr=0x80004005 disp=0000000000000000
[17:08:36.653]     dump hwnd=000000000AC20224 class='CtrlNotifySink' rect=(645,968 493x21)
[17:08:36.653]     dump hwnd=000000000AAE0D84 class='ScrollBar' rect=(645,968 493x21)
[17:08:36.653]     dump hwnd=00000000072F0D2C class='CtrlNotifySink' rect=(645,498 0x0)
[17:08:36.654]     dump hwnd=0000000000CE0D82 class='ScrollBar' rect=(645,498 0x0)
[17:08:36.654]     dump hwnd=0000000001160344 class='msctls_statusbar32' rect=(445,469 0x29)
[17:08:36.654]     dump hwnd=0000000000B3143E class='Microsoft.UI.Content.DesktopChildSiteBridge' rect=(445,331 1236x167)
[17:08:36.654]     dump hwnd=00000000001A1404 class='InputSiteWindowClass' rect=(445,331 0x0)
[17:08:36.654] === end diagnostic dump ===
[17:08:36.655]   tab-sb: AccObj objid=0xfffffff0 hr=0x80004005 sp=0000000000000000
[17:08:36.656]   tab-sb: AccObj objid=0x00000000 hr=0x00000000 sp=000000005B87B130
[17:08:36.656]   tab-sb: QueryService(SID_SShellBrowser) hr=0x80070057 psb=0000000000000000
[17:08:36.656]   tab-subtree SHELLDLL_DefView=0000000000231896
[17:08:36.656]   tab-subtree: no IShellFolderViewDual reachable
[17:08:36.656] populate_shell_context: tab-subtree failed; falling back to legacy IShellBrowser path
[17:08:36.657]   uia-read: cabinet=0000000006FE0D9E def_view=0000000000231896
[17:08:36.658]   uia-read: CoCreateInstance hr=0x00000000 uia=000000005B6C82F0
[17:08:36.750]   uia-read: folder='C:\Users\azt12\OneDrive\Documents\Computing'
[17:08:36.750]   uia-read: selection-host elem=000000005B879F30
[17:08:36.751]   uia-read: selection count=1
[17:08:36.751]     uia-read: sel[0] path='C:\Users\azt12\OneDrive\Documents\Computing\Dev Tools'
[17:08:36.751] infer_single_target: p='C:\Users\azt12\OneDrive\Documents\Computing\Dev Tools' attrs=0x00000431 gle=0
[17:08:36.752] populate_shell_context: UIA-read OK target=1 sel=1 folder=C:\Users\azt12\OneDrive\Documents\Computing
[17:08:36.752] build_menu_for_current_click: calling RegisterMenu
[17:08:36.752]   RegisterMenu returned, top-level items=18
[17:08:36.753] D2D1CreateFactory hr=0x00000000 ptr=0000000059C36BF0
[17:08:36.753] DWriteCreateFactory hr=0x00000000 ptr=000000000510B4D0
[17:08:36.753] DWrite font file C:\Users\azt12\OneDrive\Documents\Computing\All Projects\Windows OS Work\Right-Click Menu API\WORKING\build\Font\Exo2-VariableFont_wght.ttf hr=0x00000000
[17:08:36.755] DWrite font collection hr=0x00000000 ptr=000000005AC1BF10
[17:08:36.755] DWrite collection has 1 families
[17:08:36.755]   family[0] = Exo 2
[17:08:36.759] menu_window::show ENTER owner=0000000000231896 pos=(767,0) size=(260,712) children=18
[17:08:36.767] icon: decoded C:\Users\azt12\OneDrive\Documents\Computing\All Projects\Windows OS Work\Right-Click Menu API\WORKING\build\assets\icons\open.png -> 56x56 hbm=FFFFFFFFB205173B
[17:08:36.769] icon: decoded C:\Users\azt12\OneDrive\Documents\Computing\All Projects\Windows OS Work\Right-Click Menu API\WORKING\build\assets\icons\open_in_new_tab.png -> 56x56 hbm=FFFFFFFF88052361
[17:08:36.771] icon: decoded C:\Users\azt12\OneDrive\Documents\Computing\All Projects\Windows OS Work\Right-Click Menu API\WORKING\build\assets\icons\open_in_new_window.png -> 56x56 hbm=FFFFFFFFBE053989
[17:08:36.772] icon: decoded C:\Users\azt12\OneDrive\Documents\Computing\All Projects\Windows OS Work\Right-Click Menu API\WORKING\build\assets\icons\pin_to_quick_access.png -> 56x56 hbm=0000000017051B20
[17:08:36.773] icon: decoded C:\Users\azt12\OneDrive\Documents\Computing\All Projects\Windows OS Work\Right-Click Menu API\WORKING\build\assets\icons\create_desktop_shortcut.png -> 56x56 hbm=FFFFFFFFC80538DD
[17:08:36.775] icon: decoded C:\Users\azt12\OneDrive\Documents\Computing\All Projects\Windows OS Work\Right-Click Menu API\WORKING\build\assets\icons\compress.png -> 56x56 hbm=FFFFFFFF9C05238A
[17:08:36.777] icon: decoded C:\Users\azt12\OneDrive\Documents\Computing\All Projects\Windows OS Work\Right-Click Menu API\WORKING\build\assets\icons\copy_as_path.png -> 56x56 hbm=FFFFFFFFDB0520E5
[17:08:36.779] icon: decoded C:\Users\azt12\OneDrive\Documents\Computing\All Projects\Windows OS Work\Right-Click Menu API\WORKING\build\assets\icons\rename.png -> 56x56 hbm=0000000050051B22
[17:08:36.781] icon: decoded C:\Users\azt12\OneDrive\Documents\Computing\All Projects\Windows OS Work\Right-Click Menu API\WORKING\build\assets\icons\copy.png -> 56x56 hbm=000000003F052EEB
[17:08:36.783] icon: decoded C:\Users\azt12\OneDrive\Documents\Computing\All Projects\Windows OS Work\Right-Click Menu API\WORKING\build\assets\icons\cut.png -> 56x56 hbm=FFFFFFFFAF053338
[17:08:36.784] icon: decoded C:\Users\azt12\OneDrive\Documents\Computing\All Projects\Windows OS Work\Right-Click Menu API\WORKING\build\assets\icons\delete.png -> 56x56 hbm=FFFFFFFFA805253A
[17:08:36.785] icon: decoded C:\Users\azt12\OneDrive\Documents\Computing\All Projects\Windows OS Work\Right-Click Menu API\WORKING\build\assets\icons\properties.png -> 56x56 hbm=FFFFFFFFCB0534E4
[17:08:36.791] D2D Flush hr=0x00000000 EndDraw hr=0x00000000
[17:08:36.800]   hwnd=000000000154126C SetForegroundWindow=1 prev_cap=0000000000000000
[17:08:36.804] D2D Flush hr=0x00000000 EndDraw hr=0x00000000
[17:08:37.121] D2D Flush hr=0x00000000 EndDraw hr=0x00000000
[17:08:38.244] menu_window::show EXIT result=-1 iters=248
[17:08:47.966] populate_shell_context: owner=0000000001461108 top=0000000006FE0D9E rootowner=0000000006FE0D9E
[17:08:47.966] populate_shell_context: active_tab=00000000043E10CC
[17:08:47.966]   tab-sb: AccObj objid=0xfffffff0 hr=0x80004005 sp=0000000000000000
[17:08:47.966]   tab-sb: AccObj objid=0x00000000 hr=0x00000000 sp=0000000065AE2100
[17:08:47.966]   tab-sb: QueryService(SID_SShellBrowser) hr=0x80070057 psb=0000000000000000
[17:08:47.967]   tab-subtree SHELLDLL_DefView=0000000001461108
[17:08:47.967]   tab-subtree: no IShellFolderViewDual reachable
[17:08:47.967] populate_shell_context: tab-subtree failed; falling back to legacy IShellBrowser path
[17:08:47.967]   uia-read: cabinet=0000000006FE0D9E def_view=0000000001461108
[17:08:47.969]   uia-read: CoCreateInstance hr=0x00000000 uia=0000000061D48850
[17:08:48.143]   uia-read: folder='Recent'
[17:08:48.143]   uia-read: selection-host elem=0000000061F99FD0
[17:08:48.143]   uia-read: selection count=1
[17:08:48.144]     uia-read: sel[0] UNRESOLVED path='Recent\Chevy K10 Engine & Fuel Pump Issues.txt'
[17:08:48.144] infer_single_target: p='Recent\Chevy K10 Engine & Fuel Pump Issues.txt' attrs=0xffffffff gle=3
[17:08:48.144] populate_shell_context: UIA-read OK target=6 sel=1 folder=Recent
[17:08:48.144] build_menu_for_current_click: calling RegisterMenu
[17:08:48.145]   RegisterMenu returned, top-level items=0
[17:08:53.753] populate_shell_context: owner=00000000001A13E6 top=0000000006FE0D9E rootowner=0000000006FE0D9E
[17:08:53.753] populate_shell_context: active_tab=00000000001014E2
[17:08:53.753]   tab-sb: AccObj objid=0xfffffff0 hr=0x80004005 sp=0000000000000000
[17:08:53.754]   tab-sb: AccObj objid=0x00000000 hr=0x00000000 sp=0000000065AD5DC0
[17:08:53.754]   tab-sb: QueryService(SID_SShellBrowser) hr=0x80070057 psb=0000000000000000
[17:08:53.754]   tab-subtree SHELLDLL_DefView=00000000001A13E6
[17:08:53.754]   tab-subtree: no IShellFolderViewDual reachable
[17:08:53.754] populate_shell_context: tab-subtree failed; falling back to legacy IShellBrowser path
[17:08:53.755]   uia-read: cabinet=0000000006FE0D9E def_view=00000000001A13E6
[17:08:53.756]   uia-read: CoCreateInstance hr=0x00000000 uia=0000000061D48850
[17:08:53.865]   uia-read: resolved known folder 'Downloads' -> 'C:\Users\azt12\Downloads'
[17:08:53.866]   uia-read: folder='C:\Users\azt12\Downloads'
[17:08:53.868]   uia-read: selection-host elem=0000000061F94E40
[17:08:53.868]   uia-read: selection count=1
[17:08:53.868]     uia-read: sel[0] path='C:\Users\azt12\Downloads\windhawk_setup.exe'
[17:08:53.869] infer_single_target: p='C:\Users\azt12\Downloads\windhawk_setup.exe' attrs=0x00000020 gle=0
[17:08:53.869] populate_shell_context: UIA-read OK target=0 sel=1 folder=C:\Users\azt12\Downloads
[17:08:53.869] build_menu_for_current_click: calling RegisterMenu
[17:08:53.869]   RegisterMenu returned, top-level items=13
[17:08:53.869] menu_window::show ENTER owner=00000000001A13E6 pos=(741,596) size=(260,488) children=13
[17:08:53.886]   hwnd=0000000000410C62 SetForegroundWindow=1 prev_cap=0000000000000000
[17:08:54.996] menu_window::show EXIT result=-1 iters=277
[17:08:56.250] populate_shell_context: owner=0000000001461108 top=0000000006FE0D9E rootowner=0000000006FE0D9E
[17:08:56.250] populate_shell_context: active_tab=00000000043E10CC
[17:08:56.251]   tab-sb: AccObj objid=0xfffffff0 hr=0x80004005 sp=0000000000000000
[17:08:56.251]   tab-sb: AccObj objid=0x00000000 hr=0x00000000 sp=0000000065AF2900
[17:08:56.251]   tab-sb: QueryService(SID_SShellBrowser) hr=0x80070057 psb=0000000000000000
[17:08:56.251]   tab-subtree SHELLDLL_DefView=0000000001461108
[17:08:56.252]   tab-subtree: no IShellFolderViewDual reachable
[17:08:56.252] populate_shell_context: tab-subtree failed; falling back to legacy IShellBrowser path
[17:08:56.252]   uia-read: cabinet=0000000006FE0D9E def_view=0000000001461108
[17:08:56.254]   uia-read: CoCreateInstance hr=0x00000000 uia=0000000061D406B0
[17:08:56.360]   uia-read: folder='C:\Users\azt12\OneDrive\Documents'
[17:08:56.360]   uia-read: selection-host elem=0000000061F9F4C0
[17:08:56.360]   uia-read: selection count=1
[17:08:56.361]     uia-read: sel[0] path='C:\Users\azt12\OneDrive\Documents\Chevy K10 Engine & Fuel Pump Issues.txt'
[17:08:56.361] infer_single_target: p='C:\Users\azt12\OneDrive\Documents\Chevy K10 Engine & Fuel Pump Issues.txt' attrs=0x00000420 gle=0
[17:08:56.361] populate_shell_context: UIA-read OK target=0 sel=1 folder=C:\Users\azt12\OneDrive\Documents
[17:08:56.362] build_menu_for_current_click: calling RegisterMenu
[17:08:56.362]   RegisterMenu returned, top-level items=13
[17:08:56.362] menu_window::show ENTER owner=0000000001461108 pos=(741,386) size=(260,488) children=13
[17:08:56.378]   hwnd=000000000284112E SetForegroundWindow=1 prev_cap=0000000000000000
[17:08:58.949] menu_window::show EXIT result=-1 iters=153
[17:08:59.130] populate_shell_context: owner=0000000001461108 top=0000000006FE0D9E rootowner=0000000006FE0D9E
[17:08:59.130] populate_shell_context: active_tab=00000000043E10CC
[17:08:59.130]   tab-sb: AccObj objid=0xfffffff0 hr=0x80004005 sp=0000000000000000
[17:08:59.131]   tab-sb: AccObj objid=0x00000000 hr=0x00000000 sp=0000000065AD4BE0
[17:08:59.131]   tab-sb: QueryService(SID_SShellBrowser) hr=0x80070057 psb=0000000000000000
[17:08:59.131]   tab-subtree SHELLDLL_DefView=0000000001461108
[17:08:59.131]   tab-subtree: no IShellFolderViewDual reachable
[17:08:59.131] populate_shell_context: tab-subtree failed; falling back to legacy IShellBrowser path
[17:08:59.132]   uia-read: cabinet=0000000006FE0D9E def_view=0000000001461108
[17:08:59.133]   uia-read: CoCreateInstance hr=0x00000000 uia=0000000061D406B0
[17:08:59.258]   uia-read: folder='C:\Users\azt12\OneDrive\Documents'
[17:08:59.259]   uia-read: selection-host elem=0000000061FA0FC0
[17:08:59.259]   uia-read: selection count=1
[17:08:59.259]     uia-read: sel[0] path='C:\Users\azt12\OneDrive\Documents\Chevy K10 Engine & Fuel Pump Issues.txt'
[17:08:59.260] infer_single_target: p='C:\Users\azt12\OneDrive\Documents\Chevy K10 Engine & Fuel Pump Issues.txt' attrs=0x00000420 gle=0
[17:08:59.260] populate_shell_context: UIA-read OK target=0 sel=1 folder=C:\Users\azt12\OneDrive\Documents
[17:08:59.260] build_menu_for_current_click: calling RegisterMenu
[17:08:59.260]   RegisterMenu returned, top-level items=13
[17:08:59.261] menu_window::show ENTER owner=0000000001461108 pos=(728,407) size=(260,488) children=13
[17:08:59.279]   hwnd=000000000286112E SetForegroundWindow=1 prev_cap=0000000000000000
[17:08:59.766] menu_window::show EXIT result=-1 iters=74
[17:09:01.041] populate_shell_context: owner=0000000001461108 top=0000000006FE0D9E rootowner=0000000006FE0D9E
[17:09:01.041] populate_shell_context: active_tab=00000000043E10CC
[17:09:01.041]   tab-sb: AccObj objid=0xfffffff0 hr=0x80004005 sp=0000000000000000
[17:09:01.042]   tab-sb: AccObj objid=0x00000000 hr=0x00000000 sp=0000000065AF2590
[17:09:01.042]   tab-sb: QueryService(SID_SShellBrowser) hr=0x80070057 psb=0000000000000000
[17:09:01.042]   tab-subtree SHELLDLL_DefView=0000000001461108
[17:09:01.043]   tab-subtree: no IShellFolderViewDual reachable
[17:09:01.043] populate_shell_context: tab-subtree failed; falling back to legacy IShellBrowser path
[17:09:01.044]   uia-read: cabinet=0000000006FE0D9E def_view=0000000001461108
[17:09:01.045]   uia-read: CoCreateInstance hr=0x00000000 uia=0000000061D406B0
[17:09:01.291]   uia-read: folder='C:\Users\azt12\OneDrive\Documents'
[17:09:01.292]   uia-read: selection-host elem=0000000061FA2D90
[17:09:01.292]   uia-read: selection count=1
[17:09:01.293]     uia-read: sel[0] path='C:\Users\azt12\OneDrive\Documents\Chevy K10 Legal Action.txt'
[17:09:01.293] infer_single_target: p='C:\Users\azt12\OneDrive\Documents\Chevy K10 Legal Action.txt' attrs=0x00000420 gle=0
[17:09:01.293] populate_shell_context: UIA-read OK target=0 sel=1 folder=C:\Users\azt12\OneDrive\Documents
[17:09:01.294] build_menu_for_current_click: calling RegisterMenu
[17:09:01.294]   RegisterMenu returned, top-level items=13
[17:09:01.295] menu_window::show ENTER owner=0000000001461108 pos=(742,415) size=(260,488) children=13
[17:09:01.313]   hwnd=0000000005E810E0 SetForegroundWindow=1 prev_cap=0000000000000000
[17:09:03.233] menu_window::show EXIT result=-1 iters=218
[17:09:05.615] populate_shell_context: owner=0000000001461108 top=0000000006FE0D9E rootowner=0000000006FE0D9E
[17:09:05.615] populate_shell_context: active_tab=00000000043E10CC
[17:09:05.616]   tab-sb: AccObj objid=0xfffffff0 hr=0x80004005 sp=0000000000000000
[17:09:05.616]   tab-sb: AccObj objid=0x00000000 hr=0x00000000 sp=0000000065AE55F0
[17:09:05.616]   tab-sb: QueryService(SID_SShellBrowser) hr=0x80070057 psb=0000000000000000
[17:09:05.616]   tab-subtree SHELLDLL_DefView=0000000001461108
[17:09:05.617]   tab-subtree: no IShellFolderViewDual reachable
[17:09:05.617] populate_shell_context: tab-subtree failed; falling back to legacy IShellBrowser path
[17:09:05.618]   uia-read: cabinet=0000000006FE0D9E def_view=0000000001461108
[17:09:05.619]   uia-read: CoCreateInstance hr=0x00000000 uia=0000000061D406B0
[17:09:05.686]   uia-read: folder='C:\Users\azt12\OneDrive\Documents'
[17:09:05.687]   uia-read: selection-host elem=0000000061F9F550
[17:09:05.687]   uia-read: selection count=1
[17:09:05.687]     uia-read: sel[0] path='C:\Users\azt12\OneDrive\Documents\Paperwork'
[17:09:05.687] infer_single_target: p='C:\Users\azt12\OneDrive\Documents\Paperwork' attrs=0x00000431 gle=0
[17:09:05.688] populate_shell_context: UIA-read OK target=1 sel=1 folder=C:\Users\azt12\OneDrive\Documents
[17:09:05.688] build_menu_for_current_click: calling RegisterMenu
[17:09:05.688]   RegisterMenu returned, top-level items=18
[17:09:05.688] menu_window::show ENTER owner=0000000001461108 pos=(785,0) size=(260,712) children=18
[17:09:05.704]   hwnd=0000000001CC09EC SetForegroundWindow=1 prev_cap=0000000000000000
[17:09:09.560] menu_window::show EXIT result=-1 iters=386
[17:09:11.317] populate_shell_context: owner=0000000001461108 top=0000000006FE0D9E rootowner=0000000006FE0D9E
[17:09:11.318] populate_shell_context: active_tab=00000000043E10CC
[17:09:11.318]   tab-sb: AccObj objid=0xfffffff0 hr=0x80004005 sp=0000000000000000
[17:09:11.319]   tab-sb: AccObj objid=0x00000000 hr=0x00000000 sp=0000000065ADEB60
[17:09:11.319]   tab-sb: QueryService(SID_SShellBrowser) hr=0x80070057 psb=0000000000000000
[17:09:11.319]   tab-subtree SHELLDLL_DefView=0000000001461108
[17:09:11.320]   tab-subtree: no IShellFolderViewDual reachable
[17:09:11.320] populate_shell_context: tab-subtree failed; falling back to legacy IShellBrowser path
[17:09:11.321]   uia-read: cabinet=0000000006FE0D9E def_view=0000000001461108
[17:09:11.322]   uia-read: CoCreateInstance hr=0x00000000 uia=0000000061D4F6E0
[17:09:11.397]   uia-read: folder='C:\Users\azt12\OneDrive\Documents'
[17:09:11.398]   uia-read: selection-host elem=0000000061FA03F0
[17:09:11.398]   uia-read: selection count=0
[17:09:11.398] populate_shell_context: UIA-read OK target=2 sel=0 folder=C:\Users\azt12\OneDrive\Documents
[17:09:11.399] build_menu_for_current_click: calling RegisterMenu
[17:09:11.399]   RegisterMenu returned, top-level items=13
[17:09:11.399] menu_window::show ENTER owner=0000000001461108 pos=(819,623) size=(260,512) children=13
[17:09:11.406] icon: decoded C:\Users\azt12\OneDrive\Documents\Computing\All Projects\Windows OS Work\Right-Click Menu API\WORKING\build\assets\icons\view.png -> 56x56 hbm=000000006E0526DA
[17:09:11.408] icon: decoded C:\Users\azt12\OneDrive\Documents\Computing\All Projects\Windows OS Work\Right-Click Menu API\WORKING\build\assets\icons\sort_by.png -> 56x56 hbm=FFFFFFFFBA051BEE
[17:09:11.409] icon: decoded C:\Users\azt12\OneDrive\Documents\Computing\All Projects\Windows OS Work\Right-Click Menu API\WORKING\build\assets\icons\group_by.png -> 56x56 hbm=FFFFFFFFF6050680
[17:09:11.411] icon: decoded C:\Users\azt12\OneDrive\Documents\Computing\All Projects\Windows OS Work\Right-Click Menu API\WORKING\build\assets\icons\refresh.png -> 56x56 hbm=FFFFFFFF8205251B
[17:09:11.413] icon: decoded C:\Users\azt12\OneDrive\Documents\Computing\All Projects\Windows OS Work\Right-Click Menu API\WORKING\build\assets\icons\paste.png -> 56x56 hbm=FFFFFFFFA7053D23
[17:09:11.414] icon: decoded C:\Users\azt12\OneDrive\Documents\Computing\All Projects\Windows OS Work\Right-Click Menu API\WORKING\build\assets\icons\open_in_terminal.png -> 56x56 hbm=FFFFFFFFDD052484
[17:09:11.416] icon: decoded C:\Users\azt12\OneDrive\Documents\Computing\All Projects\Windows OS Work\Right-Click Menu API\WORKING\build\assets\icons\new_folder.png -> 56x56 hbm=000000004F053F09
[17:09:11.418] icon: decoded C:\Users\azt12\OneDrive\Documents\Computing\All Projects\Windows OS Work\Right-Click Menu API\WORKING\build\assets\icons\new_text_file.png -> 56x56 hbm=FFFFFFFF8F052768
[17:09:11.427]   hwnd=0000000001CE09EC SetForegroundWindow=1 prev_cap=0000000000000000
[17:09:11.817] menu_window::show EXIT result=-1 iters=116
[17:09:12.717] populate_shell_context: owner=0000000001461108 top=0000000006FE0D9E rootowner=0000000006FE0D9E
[17:09:12.718] populate_shell_context: active_tab=00000000043E10CC
[17:09:12.718]   tab-sb: AccObj objid=0xfffffff0 hr=0x80004005 sp=0000000000000000
[17:09:12.718]   tab-sb: AccObj objid=0x00000000 hr=0x00000000 sp=0000000065AE4990
[17:09:12.719]   tab-sb: QueryService(SID_SShellBrowser) hr=0x80070057 psb=0000000000000000
[17:09:12.719]   tab-subtree SHELLDLL_DefView=0000000001461108
[17:09:12.720]   tab-subtree: no IShellFolderViewDual reachable
[17:09:12.720] populate_shell_context: tab-subtree failed; falling back to legacy IShellBrowser path
[17:09:12.720]   uia-read: cabinet=0000000006FE0D9E def_view=0000000001461108
[17:09:12.721]   uia-read: CoCreateInstance hr=0x00000000 uia=0000000061D325C0
[17:09:12.789]   uia-read: folder='C:\Users\azt12\OneDrive\Documents'
[17:09:12.790]   uia-read: selection-host elem=0000000061FA2A30
[17:09:12.790]   uia-read: selection count=1
[17:09:12.790]     uia-read: sel[0] path='C:\Users\azt12\OneDrive\Documents\Misc Interests'
[17:09:12.791] infer_single_target: p='C:\Users\azt12\OneDrive\Documents\Misc Interests' attrs=0x00000431 gle=0
[17:09:12.791] populate_shell_context: UIA-read OK target=1 sel=1 folder=C:\Users\azt12\OneDrive\Documents
[17:09:12.792] build_menu_for_current_click: calling RegisterMenu
[17:09:12.792]   RegisterMenu returned, top-level items=18
[17:09:12.792] menu_window::show ENTER owner=0000000001461108 pos=(766,0) size=(260,712) children=18
[17:09:12.807]   hwnd=0000000001D109EC SetForegroundWindow=1 prev_cap=0000000000000000
[17:09:16.279] menu_window::show EXIT result=6 iters=203
[17:12:27.259] populate_shell_context: owner=00000000001B1502 top=0000000001270328 rootowner=0000000001270328
[17:12:27.259] populate_shell_context: active_tab=000000000016178C
[17:12:27.259]   tab-sb: AccObj objid=0xfffffff0 hr=0x80004005 sp=0000000000000000
[17:12:27.260]   tab-sb: AccObj objid=0x00000000 hr=0x00000000 sp=000000007F357B20
[17:12:27.261]   tab-sb: QueryService(SID_SShellBrowser) hr=0x80070057 psb=0000000000000000
[17:12:27.261]   tab-subtree SHELLDLL_DefView=00000000001B1502
[17:12:27.262]   tab-subtree: no IShellFolderViewDual reachable
[17:12:27.262] populate_shell_context: tab-subtree failed; falling back to legacy IShellBrowser path
[17:12:27.263]   uia-read: cabinet=0000000001270328 def_view=00000000001B1502
[17:12:27.266]   uia-read: CoCreateInstance hr=0x00000000 uia=000000007F16B530
[17:12:27.361]   uia-read: folder='C:\Users\azt12\OneDrive\Documents\Computing\All Projects\Windows OS Work\Right-Click Menu API'
[17:12:27.362]   uia-read: selection-host elem=0000000087936E00
[17:12:27.363]   uia-read: selection count=1
[17:12:27.363]     uia-read: sel[0] path='C:\Users\azt12\OneDrive\Documents\Computing\All Projects\Windows OS Work\Right-Click Menu API\before.png'
[17:12:27.364] infer_single_target: p='C:\Users\azt12\OneDrive\Documents\Computing\All Projects\Windows OS Work\Right-Click Menu API\before.png' attrs=0x00000420 gle=0
[17:12:27.364] populate_shell_context: UIA-read OK target=0 sel=1 folder=C:\Users\azt12\OneDrive\Documents\Computing\All Projects\Windows OS Work\Right-Click Menu API
[17:12:27.364] build_menu_for_current_click: calling RegisterMenu
[17:12:27.365]   RegisterMenu returned, top-level items=13
[17:12:27.365] menu_window::show ENTER owner=00000000001B1502 pos=(910,627) size=(260,488) children=13
[17:12:27.387]   hwnd=0000000000D11AAC SetForegroundWindow=1 prev_cap=0000000000000000
[17:12:27.450] menu_window::show EXIT result=-1 iters=63
[17:12:27.786] populate_shell_context: owner=00000000001B1502 top=0000000001270328 rootowner=0000000001270328
[17:12:27.786] populate_shell_context: active_tab=000000000016178C
[17:12:27.787]   tab-sb: AccObj objid=0xfffffff0 hr=0x80004005 sp=0000000000000000
[17:12:27.788]   tab-sb: AccObj objid=0x00000000 hr=0x00000000 sp=000000004FF8C710
[17:12:27.788]   tab-sb: QueryService(SID_SShellBrowser) hr=0x80070057 psb=0000000000000000
[17:12:27.788]   tab-subtree SHELLDLL_DefView=00000000001B1502
[17:12:27.789]   tab-subtree: no IShellFolderViewDual reachable
[17:12:27.789] populate_shell_context: tab-subtree failed; falling back to legacy IShellBrowser path
[17:12:27.790]   uia-read: cabinet=0000000001270328 def_view=00000000001B1502
[17:12:27.793]   uia-read: CoCreateInstance hr=0x00000000 uia=000000007F16B530
[17:12:27.897]   uia-read: folder='C:\Users\azt12\OneDrive\Documents\Computing\All Projects\Windows OS Work\Right-Click Menu API'
[17:12:27.898]   uia-read: selection-host elem=0000000087938A20
[17:12:27.898]   uia-read: selection count=1
[17:12:27.898]     uia-read: sel[0] path='C:\Users\azt12\OneDrive\Documents\Computing\All Projects\Windows OS Work\Right-Click Menu API\before.png'
[17:12:27.899] infer_single_target: p='C:\Users\azt12\OneDrive\Documents\Computing\All Projects\Windows OS Work\Right-Click Menu API\before.png' attrs=0x00000420 gle=0
[17:12:27.899] populate_shell_context: UIA-read OK target=0 sel=1 folder=C:\Users\azt12\OneDrive\Documents\Computing\All Projects\Windows OS Work\Right-Click Menu API
[17:12:27.899] build_menu_for_current_click: calling RegisterMenu
[17:12:27.899]   RegisterMenu returned, top-level items=13
[17:12:27.900] menu_window::show ENTER owner=00000000001B1502 pos=(878,637) size=(260,488) children=13
[17:12:27.918]   hwnd=0000000000D31AAC SetForegroundWindow=1 prev_cap=0000000000000000
[17:12:29.265] menu_window::show EXIT result=2 iters=205
[17:12:57.696] populate_shell_context: owner=0000000001CA1238 top=0000000001270328 rootowner=0000000001270328
[17:12:57.696] populate_shell_context: active_tab=000000000022175E
[17:12:57.696]   tab-sb: AccObj objid=0xfffffff0 hr=0x80004005 sp=0000000000000000
[17:12:57.697]   tab-sb: AccObj objid=0x00000000 hr=0x00000000 sp=000000005F5CCB70
[17:12:57.697]   tab-sb: QueryService(SID_SShellBrowser) hr=0x80070057 psb=0000000000000000
[17:12:57.697]   tab-subtree SHELLDLL_DefView=0000000001CA1238
[17:12:57.698]   tab-subtree: no IShellFolderViewDual reachable
[17:12:57.698] populate_shell_context: tab-subtree failed; falling back to legacy IShellBrowser path
[17:12:57.699]   uia-read: cabinet=0000000001270328 def_view=0000000001CA1238
[17:12:57.701]   uia-read: CoCreateInstance hr=0x00000000 uia=000000007F16C470
[17:12:57.797]   uia-read: folder='hook_test.exe - Search Results in Computing'
[17:12:57.798]   uia-read: selection-host elem=0000000087934340
[17:12:57.798]   uia-read: selection count=1
[17:12:57.799]     uia-read: sel[0] UNRESOLVED path='hook_test.exe - Search Results in Computing\hook_test.exe'
[17:12:57.799] infer_single_target: p='hook_test.exe - Search Results in Computing\hook_test.exe' attrs=0xffffffff gle=3
[17:12:57.799] populate_shell_context: UIA-read OK target=6 sel=1 folder=hook_test.exe - Search Results in Computing
[17:12:57.799] build_menu_for_current_click: calling RegisterMenu
[17:12:57.799]   RegisterMenu returned, top-level items=0
[17:13:07.715] populate_shell_context: owner=0000000000A41104 top=0000000001270328 rootowner=0000000001270328
[17:13:07.715] populate_shell_context: active_tab=000000000022175E
[17:13:07.715]   tab-sb: AccObj objid=0xfffffff0 hr=0x80004005 sp=0000000000000000
[17:13:07.716]   tab-sb: AccObj objid=0x00000000 hr=0x00000000 sp=000000008819B050
[17:13:07.716]   tab-sb: QueryService(SID_SShellBrowser) hr=0x80070057 psb=0000000000000000
[17:13:07.716]   tab-subtree SHELLDLL_DefView=0000000000A41104
[17:13:07.716]   tab-subtree: no IShellFolderViewDual reachable
[17:13:07.717] populate_shell_context: tab-subtree failed; falling back to legacy IShellBrowser path
[17:13:07.717]   uia-read: cabinet=0000000001270328 def_view=0000000000A41104
[17:13:07.718]   uia-read: CoCreateInstance hr=0x00000000 uia=000000007F170540
[17:13:07.795]   uia-read: folder='C:\Users\azt12\OneDrive\Documents\Computing\All Projects\Windows OS Work\Right-Click Menu API\WORKING\build'
[17:13:07.795]   uia-read: selection-host elem=000000007E6F7640
[17:13:07.795]   uia-read: selection count=1
[17:13:07.796]     uia-read: sel[0] path='C:\Users\azt12\OneDrive\Documents\Computing\All Projects\Windows OS Work\Right-Click Menu API\WORKING\build\hook_test.exe'
[17:13:07.796] infer_single_target: p='C:\Users\azt12\OneDrive\Documents\Computing\All Projects\Windows OS Work\Right-Click Menu API\WORKING\build\hook_test.exe' attrs=0x00000420 gle=0
[17:13:07.796] populate_shell_context: UIA-read OK target=0 sel=1 folder=C:\Users\azt12\OneDrive\Documents\Computing\All Projects\Windows OS Work\Right-Click Menu API\WORKING\build
[17:13:07.796] build_menu_for_current_click: calling RegisterMenu
[17:13:07.797]   RegisterMenu returned, top-level items=13
[17:13:07.797] menu_window::show ENTER owner=0000000000A41104 pos=(925,660) size=(260,488) children=13
[17:13:07.811]   hwnd=000000000037135A SetForegroundWindow=1 prev_cap=0000000000000000
[17:13:15.157] menu_window::show EXIT result=-1 iters=453
